frame,timestamp,L,a,b,fase
1,0.0,166.288,132.215,131.217,
2,0.036,166.557,132.036,130.789,
3,0.068,167.514,131.832,130.758,
4,0.1,167.305,131.813,130.769,
5,0.132,167.039,131.682,131.007,
6,0.164,166.997,132.178,130.904,
7,0.2,167.279,132.013,130.905,
8,0.232,167.069,131.908,130.741,
9,0.264,166.313,132.062,130.94,
10,0.296,166.746,131.914,130.812,
11,0.328,166.707,131.819,130.935,
12,0.364,166.357,132.302,130.569,
13,0.396,166.539,132.062,130.545,
14,0.428,166.552,132.036,131.047,
15,0.46,166.7,132.281,130.885,
16,0.492,166.86,132.064,131.065,
17,0.524,166.872,132.107,131.004,
18,0.56,166.782,132.193,130.982,
19,0.592,167.102,132.063,131.232,
20,0.624,166.865,132.229,131.138,
21,0.656,166.603,132.219,131.304,
22,0.688,166.314,132.494,131.143,
23,0.724,166.649,132.258,131.484,
24,0.756,166.342,132.355,131.46,
25,0.788,165.903,132.405,131.469,
26,0.82,166.175,132.633,131.334,
27,0.852,166.558,132.603,131.368,
28,0.888,167.093,132.153,131.317,Cru
29,0.92,166.9,132.329,131.171,Cru
30,0.952,167.313,132.263,131.278,Cru
31,0.984,167.786,132.079,131.212,Cru
32,1.016,168.329,131.85,131.065,Cru
33,1.048,168.23,131.887,131.291,Cru
34,1.084,168.713,131.758,131.415,Cru
35,1.116,169.148,132.009,130.915,Cru
36,1.148,169.335,131.862,130.987,Cru
37,1.18,169.545,131.559,131.218,Cru
38,1.212,169.135,131.965,131.259,Cru
39,1.248,168.998,131.808,131.327,Cru
40,1.28,168.922,131.861,131.09,Cru
41,1.312,168.692,131.697,131.353,Cru
42,1.344,168.834,131.831,131.292,Cru
43,1.376,168.483,131.826,131.265,Cru
44,1.412,168.663,131.746,130.877,Cru
45,1.444,168.567,131.794,130.728,Cru
46,1.476,168.816,131.655,131.085,Cru
47,1.508,169.207,131.76,131.188,Cru
48,1.54,169.522,131.775,130.909,Cru
49,1.572,169.912,131.565,130.812,Cru
50,1.608,170.175,131.339,130.895,Cru
51,1.64,170.022,131.382,130.769,Cru
52,1.672,170.63,131.386,130.71,Cru
53,1.704,170.264,131.335,130.57,Cru
54,1.736,170.129,131.554,130.547,Cru
55,1.772,170.178,131.061,130.917,Cru
56,1.804,169.106,131.56,130.693,Cru
57,1.836,168.792,131.655,130.748,Cru
58,1.868,167.721,131.917,131.406,Cru
59,1.9,167.467,132.074,131.089,Cru
60,1.936,167.769,132.117,130.858,Cru
61,1.968,167.845,131.669,130.677,Cru
62,2.0,168.452,131.356,130.057,Cru
63,2.032,169.946,130.801,130.155,Cru
64,2.064,169.284,131.036,130.238,Cru
65,2.096,165.712,130.916,130.221,Cru
66,2.132,168.123,130.526,129.906,Cru
67,2.164,168.684,130.31,129.953,Cru
68,2.196,168.282,130.693,130.061,Cru
69,2.228,166.936,131.18,130.486,Cru
70,2.26,166.527,131.407,131.122,Cru
71,2.296,166.218,131.643,130.868,Cru
72,2.328,164.67,132.195,131.386,Cru
73,2.36,164.408,132.39,131.492,Cru
74,2.392,165.542,131.788,131.46,Cru
75,2.424,168.621,131.32,130.994,Cru
76,2.46,169.774,131.089,130.692,Cru
77,2.492,166.622,130.836,130.547,Cru
78,2.524,167.592,130.469,130.408,Cru
79,2.556,168.308,130.061,130.373,Cru
80,2.588,165.669,129.823,130.446,Cru
81,2.62,166.44,129.467,130.163,Cru
82,2.656,166.857,129.322,129.843,Cru
83,2.688,162.441,129.097,129.878,Cru
84,2.72,162.13,129.098,130.015,Cru
85,2.752,161.927,129.093,129.91,Cru
86,2.784,156.845,129.273,130.273,Cru
87,2.82,156.885,129.241,129.888,Cru
88,2.852,156.999,128.665,130.102,Cru
89,2.884,156.763,128.768,129.752,Cru
90,2.916,156.396,128.973,130.103,Cru
91,2.948,155.932,129.206,129.68,Cru
92,2.984,155.349,129.061,129.844,Cru
93,3.016,154.89,128.892,130.189,Cru
94,3.048,154.586,128.971,129.94,Cru
95,3.08,155.696,129.542,129.795,Cru
96,3.112,155.575,129.358,130.339,Cru
97,3.144,155.025,129.852,130.318,Cru
98,3.18,156.321,129.784,130.24,Cru
99,3.212,156.498,129.529,130.046,Cru
100,3.244,156.412,129.197,129.739,Cru
101,3.276,157.771,129.098,129.932,Cru
102,3.308,157.722,128.851,130.096,Cru
103,3.344,157.55,128.872,129.587,Cru
104,3.376,158.912,128.836,129.382,Cru
105,3.408,158.472,128.92,129.452,Cru
106,3.44,158.065,128.339,129.107,Cru
107,3.472,157.894,128.046,129.198,Cru
108,3.508,157.782,127.919,129.176,Cru
109,3.54,157.737,127.869,129.059,Cru
110,3.572,157.706,127.694,129.152,Cru
111,3.604,158.162,127.918,128.93,Cru
112,3.636,158.5,128.155,129.238,Cru
113,3.668,158.766,128.297,129.175,Cru
114,3.704,159.087,128.629,129.315,Cru
115,3.736,158.597,129.132,129.733,Cru
116,3.768,157.942,129.771,130.118,Cru
117,3.8,156.674,130.12,130.543,Cru
118,3.832,156.053,130.311,130.389,Cru
119,3.868,157.299,130.099,130.629,Cru
120,3.9,157.939,130.164,130.371,Cru
121,3.932,158.136,130.167,130.278,Cru
122,3.964,158.934,130.205,130.678,Cru
123,3.996,159.286,130.171,130.325,Cru
124,4.032,159.613,130.257,129.996,Cru
125,4.064,159.96,129.791,130.338,Cru
126,4.096,160.415,129.519,130.117,Cru
127,4.128,160.268,129.606,130.166,Cru
128,4.16,161.913,129.549,130.069,Cru
129,4.192,160.963,129.725,130.17,Cru
130,4.228,157.639,130.764,130.616,Cru
131,4.26,157.389,131.122,130.818,Cru
132,4.292,158.164,130.817,130.823,Cru
133,4.324,159.084,130.67,130.821,Cru
134,4.356,158.43,130.723,130.547,Cru
135,4.392,159.067,130.443,130.745,Cru
136,4.424,159.581,130.456,130.279,Cru
137,4.456,161.356,130.143,130.302,Cru
138,4.488,161.87,129.996,130.339,Cru
139,4.52,161.592,129.81,130.172,Cru
140,4.556,162.531,129.293,129.882,Cru
141,4.588,162.969,129.08,129.906,Cru
142,4.62,162.587,128.963,129.686,Cru
143,4.652,162.551,129.013,129.683,Cru
144,4.684,162.485,128.934,129.586,Cru
145,4.716,162.005,128.94,129.546,Cru
146,4.752,161.971,128.734,129.476,Cru
147,4.784,162.139,128.368,129.644,Cru
148,4.816,161.982,128.593,129.335,Cru
149,4.848,164.199,128.525,129.176,Cru
150,4.88,163.367,128.638,129.408,Cru
151,4.916,163.864,128.651,129.362,Cru
152,4.948,165.555,128.854,129.477,Cru
153,4.98,165.508,128.888,129.528,Cru
154,5.012,164.728,129.025,129.702,Cru
155,5.044,164.679,129.367,129.52,Cru
156,5.08,163.982,129.174,129.836,Cru
157,5.112,163.948,129.227,129.978,Cru
158,5.144,164.51,129.451,129.83,Cru
159,5.176,164.263,129.325,129.785,Cru
160,5.208,164.155,129.521,129.74,Cru
161,5.24,164.369,129.392,129.746,Cru
162,5.276,164.694,129.292,129.738,Cru
163,5.308,164.684,129.275,129.582,Cru
164,5.34,164.295,128.851,129.674,Cru
165,5.372,164.269,128.916,129.538,Cru
166,5.404,165.353,128.946,129.161,Cru
167,5.44,166.546,128.695,129.3,Cru
168,5.472,166.561,128.405,129.37,Cru
169,5.504,166.587,128.333,129.133,Cru
170,5.536,167.009,128.23,129.267,Cru
171,5.568,167.195,128.04,129.285,Cru
172,5.604,166.54,128.389,129.04,Cru
173,5.636,166.369,128.232,128.825,Cru
174,5.668,166.423,128.343,128.847,Cru
175,5.7,167.281,127.931,129.27,Cru
176,5.732,166.757,128.157,129.083,Cru
177,5.764,166.363,128.154,129.063,Cru
178,5.8,165.79,128.063,128.964,Cru
179,5.832,165.828,128.222,129.026,Cru
180,5.864,165.23,128.126,129.118,Cru
181,5.896,165.071,128.028,129.057,Cru
182,5.928,165.559,128.142,128.824,Cru
183,5.964,165.349,127.956,129.316,Cru
184,5.996,165.623,128.201,129.32,Cru
185,6.028,165.565,128.476,129.336,Cru
186,6.06,166.051,128.489,129.311,Cru
187,6.092,166.169,128.584,129.189,Cru
188,6.128,165.708,128.467,129.515,Cru
189,6.16,165.71,128.38,129.481,Cru
190,6.192,165.966,128.338,129.288,Cru
191,6.224,165.834,128.365,129.085,Cru
192,6.256,165.516,128.612,128.905,Cru
193,6.288,165.401,128.518,129.316,Cru
194,6.324,165.577,128.653,129.275,Cru
195,6.356,165.742,128.431,129.357,Cru
196,6.388,166.057,128.485,129.186,Cru
197,6.42,164.63,128.651,129.24,Cru
198,6.452,164.706,128.439,129.316,Cru
199,6.488,165.091,128.584,129.35,Cru
200,6.52,165.819,128.663,129.338,Cru
201,6.552,165.247,128.795,129.371,Cru
202,6.584,165.031,128.86,129.692,Cru
203,6.616,166.243,128.912,129.463,Cru
204,6.652,166.842,129.106,129.572,Cru
205,6.684,165.923,129.135,129.385,Cru
206,6.716,164.897,128.95,129.534,Cru
207,6.748,165.295,129.291,129.673,Cru
208,6.78,165.895,129.334,129.83,Cru
209,6.812,162.879,129.204,129.905,Cru
210,6.848,162.266,129.287,129.928,Cru
211,6.88,160.428,129.302,130.043,Cru
212,6.912,160.439,129.654,129.841,Cru
213,6.944,159.664,129.599,129.847,Cru
214,6.976,158.66,129.777,129.84,Cru
215,7.012,156.168,129.746,130.035,Cru
216,7.044,155.607,129.8,130.148,Cru
217,7.076,156.604,129.954,129.997,Cru
218,7.108,157.918,129.843,130.106,Cru
219,7.14,158.399,129.711,130.014,Cru
220,7.176,158.329,129.954,130.052,Cru
221,7.208,158.61,129.664,130.357,Cru
222,7.24,158.005,129.594,130.494,Cru
223,7.272,158.985,129.889,130.216,Cru
224,7.304,157.632,129.901,130.066,Cru
225,7.336,157.455,130.188,130.436,Cru
226,7.372,158.701,129.779,130.053,Cru
227,7.404,154.204,129.783,130.041,Cru
228,7.436,155.447,130.108,130.04,Cru
229,7.468,157.097,129.827,130.292,Cru
230,7.5,156.558,129.79,130.419,Cru
231,7.536,157.661,130.032,130.44,Cru
232,7.568,158.941,129.861,130.646,Cru
233,7.6,156.072,129.597,130.158,Cru
234,7.632,154.954,129.731,130.472,Cru
235,7.664,155.275,129.585,130.204,Cru
236,7.7,155.999,129.755,130.312,Cru
237,7.732,156.148,129.444,130.332,Cru
238,7.764,156.114,129.528,130.101,Cru
239,7.796,156.232,129.382,130.277,Cru
240,7.828,156.146,129.422,130.263,Cru
241,7.86,155.841,129.434,130.377,Cru
242,7.896,156.577,129.341,130.194,Cru
243,7.928,156.151,129.697,130.085,Cru
244,7.96,154.854,129.425,130.264,Cru
245,7.992,154.883,129.544,130.172,Cru
246,8.024,156.222,129.706,130.048,Cru
247,8.06,157.782,129.909,129.96,Cru
248,8.092,156.669,129.742,130.149,Cru
249,8.124,156.428,129.833,130.253,Cru
250,8.156,154.788,129.751,130.209,Cru
251,8.188,153.238,129.28,130.186,Cru
252,8.224,154.239,129.44,130.268,Cru
253,8.256,155.107,129.564,130.255,Cru
254,8.288,156.085,129.664,130.056,Cru
255,8.32,155.396,129.613,130.089,Cru
256,8.352,154.942,129.495,130.141,Cru
257,8.384,154.93,129.74,130.023,Cru
258,8.42,152.874,129.694,130.028,Cru
259,8.452,152.4,129.834,129.944,Cru
260,8.484,152.239,129.735,130.087,Cru
261,8.516,152.571,129.514,130.186,Cru
262,8.548,154.702,129.479,130.056,Cru
263,8.584,155.487,129.433,130.041,Cru
264,8.616,154.003,129.76,130.218,Cru
265,8.648,154.724,129.709,129.912,Cru
266,8.68,158.026,129.527,129.925,Cru
267,8.712,157.898,129.599,129.912,Cru
268,8.748,156.804,129.58,130.064,Cru
269,8.78,156.863,129.899,130.11,Cru
270,8.812,155.987,129.425,130.151,Cru
271,8.844,156.498,129.266,130.248,Cru
272,8.876,156.383,129.058,129.849,Cru
273,8.908,156.904,129.266,130.033,Cru
274,8.944,157.303,129.647,130.113,Cru
275,8.976,157.135,129.284,130.159,Cru
276,9.008,156.679,129.504,129.88,Cru
277,9.04,155.108,129.392,129.728,Cru
278,9.072,155.436,129.473,129.963,Cru
279,9.108,156.934,129.41,129.922,Cru
280,9.14,156.494,129.374,130.204,Cru
281,9.172,156.665,129.351,129.701,Cru
282,9.204,157.285,129.521,130.018,Cru
283,9.236,157.777,129.868,129.826,Cru
284,9.272,156.56,129.45,129.9,Cru
285,9.304,156.31,129.281,129.937,Cru
286,9.336,156.999,129.436,129.611,Cru
287,9.368,156.625,129.215,129.573,Cru
288,9.4,155.763,128.883,129.878,Cru
289,9.432,156.362,129.198,129.654,Cru
290,9.468,156.789,129.448,129.559,Cru
291,9.5,157.159,129.473,129.925,Cru
292,9.532,156.518,129.295,129.953,Cru
293,9.564,157.236,129.634,130.062,Cru
294,9.596,156.852,129.76,129.98,Cru
295,9.632,156.209,129.609,130.075,Cru
296,9.664,155.477,129.405,130.108,Cru
297,9.696,156.056,129.696,130.181,Cru
298,9.728,154.869,129.764,130.019,Cru
299,9.76,154.311,129.697,130.243,Cru
300,9.796,155.039,129.77,130.246,Cru
301,9.828,156.141,129.587,130.242,Cru
302,9.86,156.69,129.811,130.168,Cru
303,9.892,154.637,129.58,130.333,Cru
304,9.924,155.253,129.598,130.287,Cru
305,9.956,156.503,129.658,130.257,Cru
306,9.992,155.639,129.474,130.39,Cru
307,10.024,155.926,129.52,130.472,Cru
308,10.056,155.739,129.724,130.431,Cru
309,10.088,156.204,129.302,130.487,Cru
310,10.12,156.426,129.612,130.528,Cru
311,10.156,155.889,129.626,130.577,Cru
312,10.188,155.372,129.951,129.994,Cru
313,10.22,155.443,129.897,130.175,Cru
314,10.252,155.874,129.649,130.33,Cru
315,10.284,154.34,129.548,130.485,Cru
316,10.32,156.352,129.468,130.258,Cru
317,10.352,156.196,129.624,130.445,Cru
318,10.384,157.487,129.676,130.406,Cru
319,10.416,155.722,129.468,130.474,Cru
320,10.448,154.879,129.603,130.289,Cru
321,10.48,156.785,129.771,129.884,Cru
322,10.516,156.742,129.703,129.87,Cru
323,10.548,157.698,129.305,129.898,Cru
324,10.58,156.599,129.232,130.179,Cru
325,10.612,153.811,129.178,130.244,Cru
326,10.644,155.239,129.4,130.009,Cru
327,10.68,155.101,129.222,129.928,Cru
328,10.712,156.068,129.269,130.041,Cru
329,10.744,155.452,129.372,130.094,Cru
330,10.776,156.31,129.377,129.95,Cru
331,10.808,155.623,129.215,130.023,Cru
332,10.844,157.215,129.4,129.939,Cru
333,10.876,156.469,129.414,130.236,Cru
334,10.908,157.635,129.252,129.94,Cru
335,10.94,156.619,129.314,129.786,Cru
336,10.972,155.785,129.055,129.751,Cru
337,11.004,157.038,129.527,129.742,Cru
338,11.04,156.403,128.988,129.696,Cru
339,11.072,155.731,129.161,129.753,Cru
340,11.104,157.614,129.032,129.869,Cru
341,11.136,156.923,128.957,129.573,Cru
342,11.168,157.227,129.02,129.782,Cru
343,11.204,155.778,129.001,129.849,Cru
344,11.236,156.217,129.004,129.899,Cru
345,11.268,157.147,128.927,129.578,Cru
346,11.3,158.199,128.882,129.58,Cru
347,11.332,157.642,128.928,129.58,Cru
348,11.368,157.968,128.881,129.573,Cru
349,11.4,158.159,128.594,130.088,Cru
350,11.432,158.094,128.844,129.585,Cru
351,11.464,157.69,129.127,129.998,Cru
352,11.496,157.791,129.642,130.06,Cru
353,11.528,157.051,129.489,130.191,Cru
354,11.564,156.811,129.446,129.979,Cru
355,11.596,158.235,129.521,130.122,Cru
356,11.628,156.874,129.458,130.257,Cru
357,11.66,155.066,129.542,130.026,Cru
358,11.692,156.083,129.564,129.997,Cru
359,11.728,156.789,129.319,130.003,Cru
360,11.76,155.82,129.2,129.827,Cru
361,11.792,157.114,129.311,129.769,Cru
362,11.824,155.581,129.5,130.097,Cru
363,11.856,154.942,129.093,130.074,Cru
364,11.892,155.285,129.4,130.018,Cru
365,11.924,153.738,129.394,130.004,Cru
366,11.956,155.481,129.549,129.846,Cru
367,11.988,154.473,129.345,129.976,Cru
368,12.02,155.319,129.476,129.995,Cru
369,12.052,155.675,129.647,130.228,Cru
370,12.088,154.197,129.525,130.163,Cru
371,12.12,153.26,129.212,129.985,Cru
372,12.152,153.112,129.282,130.459,Cru
373,12.184,152.277,129.626,129.932,Cru
374,12.216,151.523,129.241,130.097,Cru
375,12.252,151.829,129.446,129.83,Cru
376,12.284,151.833,129.397,130.135,Cru
377,12.316,152.445,129.36,129.766,Cru
378,12.348,152.725,129.197,129.748,Cru
379,12.38,152.159,129.366,129.807,Cru
380,12.416,153.604,128.928,129.877,Cru
381,12.448,151.178,128.847,129.562,Cru
382,12.48,151.143,128.889,129.671,Cru
383,12.512,150.817,128.677,129.825,Cru
384,12.544,151.467,128.756,129.982,Cru
385,12.576,151.005,128.943,129.798,Cru
386,12.612,152.848,128.725,129.699,Cru
387,12.644,152.939,128.638,129.768,Cru
388,12.676,153.855,128.725,129.238,Cru
389,12.708,153.757,128.465,129.685,Cru
390,12.74,154.196,128.382,129.375,Cru
391,12.776,151.21,128.551,129.436,Cru
392,12.808,154.092,128.794,129.107,Cru
393,12.84,155.84,128.517,129.048,Cru
394,12.872,155.832,128.323,128.826,Cru
395,12.904,156.747,128.373,128.635,Cru
396,12.94,155.044,128.493,129.039,Cru
397,12.972,153.055,128.69,129.374,Cru
398,13.004,154.291,128.533,129.562,Cru
399,13.036,154.494,128.486,129.334,Cru
400,13.068,154.86,128.888,129.605,Cru
401,13.1,154.41,128.81,129.582,Cru
402,13.136,154.594,128.657,129.782,Cru
403,13.168,154.331,128.748,129.753,Cru
404,13.2,156.516,128.727,129.436,Cru
405,13.232,154.571,128.27,129.649,Cru
406,13.264,155.855,128.595,129.722,Cru
407,13.3,153.568,128.266,129.837,Cru
408,13.332,152.792,128.203,129.588,Cru
409,13.364,152.973,128.107,129.255,Cru
410,13.396,153.25,127.917,129.696,Cru
411,13.428,154.32,128.056,129.511,Cru
412,13.464,153.215,127.888,129.495,Cru
413,13.496,150.062,127.915,129.103,Cru
414,13.528,148.453,128.07,128.915,Cru
415,13.56,149.608,127.335,128.403,Cru
416,13.592,148.479,127.53,128.722,Cru
417,13.624,149.138,127.632,128.75,Cru
418,13.66,149.275,127.722,128.466,Cru
419,13.692,149.35,127.916,128.48,Cru
420,13.724,147.755,127.536,129.077,Cru
421,13.756,150.104,127.816,129.206,Cru
422,13.788,147.495,127.772,129.239,Cru
423,13.824,147.246,127.96,128.942,Cru
424,13.856,147.285,127.967,128.934,Cru
425,13.888,146.535,128.114,129.165,Cru
426,13.92,146.076,128.397,129.01,Cru
427,13.952,147.274,128.052,129.265,Cru
428,13.988,147.213,128.052,128.956,Cru
429,14.02,147.714,128.153,128.377,Cru
430,14.052,151.154,127.838,128.518,Cru
431,14.084,152.557,127.686,128.619,Cru
432,14.116,149.241,127.935,128.623,Cru
433,14.148,143.998,128.322,128.984,Cru
434,14.184,145.338,128.383,129.436,Cru
435,14.216,146.621,128.407,129.229,Cru
436,14.248,146.33,128.606,129.58,Cru
437,14.28,145.83,128.743,129.643,Cru
438,14.312,145.218,128.259,129.831,Cru
439,14.348,145.999,128.722,129.563,Cru
440,14.38,146.137,128.565,129.549,Cru
441,14.412,145.952,128.537,129.706,Cru
442,14.444,144.556,128.542,129.706,Cru
443,14.476,144.268,128.556,129.755,Cru
444,14.512,144.038,129.075,129.718,Cru
445,14.544,143.589,129.023,130.076,Cru
446,14.576,142.983,129.026,130.404,Cru
447,14.608,144.003,129.308,129.978,Cru
448,14.64,144.68,129.375,130.332,Cru
449,14.672,143.632,129.272,130.315,Cru
450,14.708,142.209,129.098,130.493,Cru
451,14.74,143.229,129.248,130.176,Cru
452,14.772,142.369,129.089,130.294,Cru
453,14.804,144.602,129.084,130.237,Cru
454,14.836,144.478,128.697,130.054,Cru
455,14.872,145.428,128.553,130.145,Cru
456,14.904,146.138,129.021,130.148,Cru
457,14.936,145.667,129.137,130.352,Cru
458,14.968,145.048,128.964,130.146,Cru
459,15.0,145.301,129.316,130.449,Cru
460,15.036,145.884,129.147,130.397,Cru
461,15.068,145.217,129.418,129.77,Cru
462,15.1,145.072,128.833,130.008,Cru
463,15.132,144.312,129.095,129.744,Cru
464,15.164,144.649,129.117,130.116,Cru
465,15.196,145.508,128.941,130.212,Cru
466,15.232,144.408,128.991,130.199,Cru
467,15.264,143.936,129.127,130.378,Cru
468,15.296,142.964,129.202,130.119,Cru
469,15.328,143.771,128.801,130.372,Cru
470,15.36,143.927,128.97,130.015,Cru
471,15.396,144.782,128.683,130.195,Cru
472,15.428,144.718,128.925,129.901,Cru
473,15.46,144.605,128.785,130.003,Cru
474,15.492,145.902,128.694,130.475,Cru
475,15.524,146.084,128.809,130.14,Cru
476,15.56,146.013,128.699,130.291,Cru
477,15.592,145.316,128.42,130.231,Cru
478,15.624,145.718,128.643,130.312,Cru
479,15.656,146.583,128.634,130.358,Cru
480,15.688,147.045,128.28,130.097,Cru
481,15.72,146.632,128.48,129.653,Cru
482,15.756,146.266,128.312,130.221,Cru
483,15.788,147.207,128.482,130.184,Cru
484,15.82,146.398,128.178,130.078,Cru
485,15.852,146.378,128.276,129.915,Cru
486,15.884,147.839,128.418,130.05,Cru
487,15.92,146.906,128.329,130.207,Cru
488,15.952,146.496,128.202,130.22,Cru
489,15.984,146.701,128.318,130.088,Cru
490,16.016,145.301,128.416,129.555,Cru
491,16.048,146.295,128.028,129.521,Cru
492,16.084,144.686,128.079,129.762,Cru
493,16.116,143.908,127.803,129.518,Cru
494,16.148,145.985,127.84,129.672,Cru
495,16.18,145.048,127.949,129.326,Cru
496,16.212,147.015,128.033,129.249,Cru
497,16.244,147.283,127.875,129.622,Cru
498,16.28,147.583,127.712,129.474,Cru
499,16.312,148.233,127.781,129.517,Cru
500,16.344,150.082,127.64,129.53,Cru
501,16.376,148.387,127.786,129.366,Cru
502,16.408,147.4,127.755,129.393,Cru
503,16.444,148.909,127.865,129.539,Cru
504,16.476,147.101,127.768,129.554,Cru
505,16.508,147.193,127.573,129.606,Cru
506,16.54,147.27,127.349,129.531,Cru
507,16.572,147.996,127.548,129.222,Cru
508,16.608,147.682,127.511,129.207,Cru
509,16.64,147.967,127.38,129.026,Cru
510,16.672,147.288,126.896,129.233,Cru
511,16.704,147.31,126.887,129.093,Cru
512,16.736,147.708,127.243,128.756,Cru
513,16.768,148.609,127.204,129.224,Cru
514,16.804,150.698,127.643,129.249,Cru
515,16.836,148.66,127.62,129.189,Cru
516,16.868,148.691,127.45,129.114,Cru
517,16.9,147.148,127.183,128.849,Cru
518,16.932,146.962,127.3,128.802,Cru
519,16.968,146.011,127.693,128.711,Cru
520,17.0,143.581,127.064,128.913,Cru
521,17.032,144.193,127.296,128.724,Cru
522,17.064,144.663,127.129,129.106,Cru
523,17.096,146.739,127.75,129.074,Cru
524,17.132,146.668,127.892,129.167,Cru
525,17.164,146.329,127.609,129.396,Cru
526,17.196,146.222,127.973,129.508,Cru
527,17.228,146.466,127.857,129.22,Cru
528,17.26,145.945,127.63,129.485,Cru
529,17.292,146.958,127.682,129.436,Cru
530,17.328,146.988,127.611,129.29,Cru
531,17.36,147.318,127.485,129.487,Cru
532,17.392,146.903,127.799,129.316,Cru
533,17.424,146.897,127.682,129.245,Cru
534,17.456,146.297,127.49,129.036,Cru
535,17.492,145.641,127.192,129.283,Cru
536,17.524,145.619,127.5,128.642,Cru
537,17.556,145.339,127.151,128.759,Cru
538,17.588,143.15,127.223,128.832,Cru
539,17.62,144.279,127.228,128.653,Cru
540,17.656,142.958,127.085,128.63,Cru
541,17.688,144.237,127.094,128.88,Cru
542,17.72,145.456,127.124,128.66,Cru
543,17.752,145.2,127.16,128.532,Cru
544,17.784,144.908,127.178,128.357,Cru
545,17.816,146.811,127.127,128.639,Cru
546,17.852,147.096,127.067,128.31,Cru
547,17.884,147.015,126.892,128.616,Cru
548,17.916,146.139,126.737,128.425,Cru
549,17.948,146.683,127.068,128.536,Cru
550,17.98,146.705,127.013,128.572,Cru
551,18.016,145.727,127.139,128.417,Cru
552,18.048,145.733,126.868,128.645,Cru
553,18.08,144.655,126.578,128.627,Cru
554,18.112,144.781,126.686,128.183,Cru
555,18.144,144.574,126.624,128.266,Cru
556,18.18,143.501,126.582,128.263,Cru
557,18.212,142.736,126.771,128.186,Cru
558,18.244,142.338,126.595,127.808,Cru
559,18.276,142.217,126.666,128.025,Cru
560,18.308,140.684,126.453,127.765,Cru
561,18.34,138.968,126.636,127.706,Cru
562,18.376,138.481,126.701,127.556,Cru
563,18.408,139.84,126.373,127.438,Cru
564,18.44,139.446,126.138,127.259,Cru
565,18.472,138.886,126.101,127.495,Cru
566,18.504,138.801,125.629,127.024,Cru
567,18.54,137.612,125.751,126.854,Cru
568,18.572,137.408,125.75,126.652,Cru
569,18.604,138.892,125.541,127.174,Cru
570,18.636,138.443,125.988,126.939,Cru
571,18.668,134.947,125.93,127.101,Cru
572,18.704,133.248,126.24,126.802,Cru
573,18.736,134.8,126.272,127.345,Cru
574,18.768,134.71,126.028,127.328,Cru
575,18.8,136.8,125.743,126.46,Cru
576,18.832,135.285,124.851,125.607,Cru
577,18.864,134.799,124.721,125.09,Cru
578,18.9,136.68,124.61,125.07,Cru
579,18.932,134.866,124.494,125.158,Cru
580,18.964,131.981,124.21,124.792,Cru
581,18.996,134.186,123.294,125.216,Cru
582,19.028,133.976,123.02,124.954,Cru
583,19.064,136.382,123.058,124.806,Cru
584,19.096,133.516,122.92,124.703,Cru
585,19.128,133.877,123.096,124.644,Cru
586,19.16,132.264,122.906,124.19,Cru
587,19.192,132.145,122.853,124.083,Cru
588,19.228,131.993,122.662,124.522,Cru
589,19.26,131.742,122.717,124.416,Cru
590,19.292,127.096,122.733,124.272,Cru
591,19.324,124.816,122.167,124.349,Cru
592,19.356,125.966,122.345,124.113,Cru
593,19.388,129.107,122.453,124.239,Cru
594,19.424,130.241,121.941,123.988,Cru
595,19.456,130.133,121.903,123.944,Cru
596,19.488,126.745,121.87,123.989,Cru
597,19.52,126.462,122.006,123.733,Cru
598,19.552,127.934,121.724,123.486,Cru
599,19.588,128.086,121.658,123.426,Cru
600,19.62,127.926,121.719,123.296,Cru
601,19.652,127.174,121.645,123.363,Cru
602,19.684,126.931,121.549,123.088,Cru
603,19.716,128.558,121.988,123.222,Cru
604,19.752,128.315,122.051,123.454,Cru
605,19.784,127.889,122.144,123.677,Cru
606,19.816,127.272,121.999,124.215,Cru
607,19.848,127.423,122.599,124.687,Cru
608,19.88,127.06,122.526,124.638,Cru
609,19.912,125.341,123.002,124.372,Cru
610,19.948,126.722,122.696,124.214,Cru
611,19.98,125.794,122.935,124.094,Cru
612,20.012,125.476,122.6,124.124,Cru
613,20.044,123.797,122.321,124.609,Cru
614,20.076,124.916,122.871,124.383,Cru
615,20.112,123.998,122.688,124.598,Cru
616,20.144,124.016,122.856,124.564,Cru
617,20.176,122.412,122.455,124.607,Cru
618,20.208,125.162,122.605,124.388,Cru
619,20.24,126.138,122.747,123.789,Cru
620,20.277,125.07,122.783,124.109,Cru
621,20.308,126.012,122.714,124.052,Cru
622,20.34,125.594,122.797,124.557,Cru
623,20.372,122.169,123.413,124.786,Cru
624,20.404,122.555,123.596,124.947,Cru
625,20.436,124.142,123.681,125.118,Cru
626,20.472,123.098,123.686,125.285,Cru
627,20.504,124.229,123.487,125.74,Cru
628,20.536,124.735,123.537,125.536,Cru
629,20.568,124.059,123.578,125.754,Cru
630,20.6,121.557,123.858,125.496,Cru
631,20.636,122.114,123.855,125.66,Cru
632,20.668,121.918,124.177,125.062,Cru
633,20.7,121.339,123.561,125.626,Cru
634,20.732,121.516,123.65,125.222,Cru
635,20.764,124.571,123.62,125.106,Cru
636,20.8,124.62,123.686,125.039,Cru
637,20.832,124.093,123.593,125.049,Cru
638,20.864,123.278,123.161,125.444,Cru
639,20.896,123.864,123.475,125.111,Cru
640,20.928,124.561,123.237,125.438,Cru
641,20.96,124.197,123.214,125.225,Cru
642,20.996,122.484,123.259,124.927,Cru
643,21.028,123.226,123.5,124.9,Cru
644,21.06,123.402,123.689,124.737,Cru
645,21.092,122.102,123.376,125.152,Cru
646,21.124,121.785,123.639,124.741,Cru
647,21.16,124.592,123.329,124.342,Cru
648,21.192,125.927,122.837,124.693,Cru
649,21.224,125.16,123.159,124.34,Cru
650,21.256,124.591,123.22,124.491,Cru
651,21.289,124.084,123.149,124.692,Cru
652,21.325,125.372,123.205,124.482,Cru
653,21.356,125.402,123.085,124.57,Cru
654,21.388,125.575,123.285,124.498,Cru
655,21.42,125.996,122.975,124.659,Cru
656,21.452,125.743,123.234,124.183,Cru
657,21.485,125.259,123.087,124.948,Cru
658,21.52,126.096,122.998,124.947,Cru
659,21.552,124.677,123.433,124.407,Cru
660,21.584,124.47,123.206,124.499,Cru
661,21.616,124.762,123.155,124.582,Cru
662,21.648,123.866,123.127,124.64,Cru
663,21.684,124.464,123.409,124.646,Cru
664,21.716,124.811,123.241,124.849,Cru
665,21.748,123.265,123.591,124.627,Cru
666,21.78,122.675,123.499,124.332,Cru
667,21.812,123.815,123.16,124.949,Cru
668,21.849,123.817,123.285,124.7,Cru
669,21.88,124.669,123.112,124.906,Cru
670,21.912,122.674,123.324,124.62,Cru
671,21.944,121.593,122.828,125.157,Cru
672,21.977,122.647,122.856,124.962,Cru
673,22.008,123.171,123.035,124.938,Cru
674,22.045,123.094,123.023,125.353,Cru
675,22.077,125.634,123.29,124.761,Cru
676,22.109,126.907,122.989,124.911,Cru
677,22.141,124.577,123.058,124.866,Cru
678,22.173,124.549,122.865,124.942,Cru
679,22.208,125.3,123.075,124.476,Cru
680,22.241,125.073,122.838,124.438,Cru
681,22.273,123.197,122.635,124.774,Cru
682,22.305,122.609,122.711,124.675,Cru
683,22.337,123.397,122.966,124.417,Cru
684,22.373,127.105,122.835,124.646,Cru
685,22.405,125.602,122.877,124.429,Cru
686,22.437,125.459,123.191,124.363,Cru
687,22.469,124.256,122.634,124.479,Cru
688,22.5,125.352,122.685,124.537,Cru
689,22.532,125.705,122.807,124.632,Cru
690,22.569,123.988,123.277,124.531,Cru
691,22.601,124.239,123.107,124.671,Cru
692,22.633,124.37,123.176,124.741,Cru
693,22.665,123.062,123.011,124.773,Cru
694,22.697,121.382,123.088,124.782,Cru
695,22.733,121.22,122.533,124.993,Cru
696,22.765,122.647,122.774,124.911,Cru
697,22.797,121.759,122.948,124.662,Cru
698,22.829,121.345,122.904,124.457,Cru
699,22.861,119.598,122.994,124.832,Cru
700,22.897,121.859,123.238,124.772,Cru
701,22.929,123.243,122.956,124.658,Cru
702,22.961,120.568,123.083,124.733,Cru
703,22.993,119.525,122.914,125.181,Cru
704,23.024,120.027,123.351,124.479,Cru
705,23.056,120.331,123.155,124.435,Cru
706,23.093,119.442,122.969,124.757,Cru
707,23.125,118.177,123.053,124.756,Cru
708,23.157,118.798,123.381,124.762,Cru
709,23.189,119.076,123.409,125.127,Cru
710,23.221,119.855,123.111,125.007,Cru
711,23.256,119.722,123.135,124.948,Cru
712,23.289,118.855,123.021,125.031,Cru
713,23.32,120.113,123.278,124.376,Cru
714,23.352,118.73,123.137,124.824,Cru
715,23.385,119.578,122.996,124.789,Cru
716,23.421,119.309,123.112,124.69,Cru
717,23.453,118.747,123.41,124.435,Cru
718,23.485,119.969,123.168,124.598,Cru
719,23.517,120.825,123.027,124.799,Cru
720,23.549,120.429,123.102,124.852,Cru
721,23.581,118.664,123.345,124.317,Cru
722,23.617,119.339,123.062,124.388,Cru
723,23.649,118.496,122.854,124.466,Cru
724,23.681,120.041,123.074,124.076,Cru
725,23.713,118.976,122.839,124.534,Cru
726,23.745,117.864,123.379,124.5,Cru
727,23.781,119.295,122.896,124.705,Cru
728,23.813,121.043,123.155,124.805,Cru
729,23.845,123.346,123.043,125.162,Cru
730,23.877,120.052,123.114,124.887,Cru
731,23.909,121.695,123.311,125.092,Cru
732,23.945,122.612,123.05,124.846,Cru
733,23.977,123.53,123.072,124.75,Cru
734,24.009,124.568,123.041,124.879,Cru
735,24.041,125.456,122.912,124.588,Cru
736,24.073,126.616,122.971,125.225,Cru
737,24.105,127.303,123.13,125.151,Cru
738,24.141,128.644,123.063,125.017,Cru
739,24.173,128.231,123.089,125.162,Cru
740,24.205,129.039,122.768,125.37,Cru
741,24.237,127.644,122.97,124.962,Cru
742,24.269,129.081,123.292,124.865,Cru
743,24.305,129.487,122.882,125.207,Cru
744,24.337,128.33,123.076,125.207,Cru
745,24.369,130.356,123.359,125.25,Cru
746,24.401,130.495,123.019,125.566,Cru
747,24.433,129.261,123.463,125.489,Cru
748,24.469,129.659,123.162,125.861,Cru
749,24.501,129.681,123.124,125.75,Cru
750,24.533,130.59,123.401,125.751,Cru
751,24.565,129.501,123.215,125.928,Cru
752,24.597,129.208,123.464,125.854,Cru
753,24.629,128.82,123.631,125.755,Cru
754,24.665,128.173,123.45,125.976,Cru
755,24.697,127.722,123.559,126.281,Cru
756,24.729,129.342,123.667,126.135,Cru
757,24.761,129.108,123.561,126.161,Cru
758,24.793,128.862,123.656,126.02,Cru
759,24.829,130.067,123.662,126.099,Cru
760,24.861,128.479,123.438,125.825,Cru
761,24.893,127.404,123.338,126.0,Cru
762,24.925,127.855,123.33,126.059,Cru
763,24.957,129.583,123.928,125.699,Cru
764,24.993,129.614,123.98,125.779,Cru
765,25.025,128.381,123.377,126.036,Cru
766,25.057,126.996,124.123,125.835,Cru
767,25.089,127.679,124.177,125.65,Cru
768,25.121,127.744,123.501,126.403,Cru
769,25.153,128.817,124.051,126.101,Cru
770,25.189,129.697,123.767,126.196,Cru
771,25.221,130.076,123.606,126.356,Cru
772,25.253,130.787,123.873,126.089,Cru
773,25.285,130.675,124.028,126.087,Cru
774,25.317,131.69,123.487,126.141,Cru
775,25.353,130.248,124.089,125.877,Cru
776,25.385,130.956,123.929,126.383,Cru
777,25.417,130.178,124.044,126.319,Cru
778,25.449,129.144,124.467,125.963,Cru
779,25.481,128.414,124.571,126.223,Cru
780,25.517,129.159,124.487,126.243,Cru
781,25.549,130.067,124.365,126.378,Cru
782,25.581,130.901,124.304,126.477,Cru
783,25.613,129.399,124.843,126.84,Cru
784,25.645,129.292,124.718,126.934,Cru
785,25.677,131.215,124.979,126.604,Cru
786,25.713,128.992,124.429,126.983,Cru
787,25.745,128.238,125.12,126.723,Cru
788,25.777,130.243,125.217,126.841,Cru
789,25.809,131.314,125.012,126.953,Cru
790,25.841,129.09,124.869,126.943,Cru
791,25.877,127.753,124.881,126.764,Cru
792,25.909,128.647,124.701,126.87,Cru
793,25.941,129.086,124.774,127.217,Cru
794,25.973,130.65,124.604,127.332,Cru
795,26.005,129.634,124.614,126.558,Cru
796,26.041,130.404,124.602,126.7,Cru
797,26.073,130.899,124.308,127.161,Cru
798,26.105,129.832,124.737,126.577,Cru
799,26.137,130.808,124.392,126.766,Cru
800,26.169,131.118,124.039,126.88,Cru
801,26.201,131.851,124.383,126.77,Cru
802,26.237,130.874,124.252,126.976,Cru
803,26.269,131.905,124.522,126.58,Cru
804,26.301,132.115,124.362,127.035,Cru
805,26.333,131.098,124.564,126.741,Cru
806,26.365,131.105,124.94,126.606,Cru
807,26.401,133.708,124.973,126.824,Cru
808,26.433,133.301,124.421,126.984,Cru
809,26.465,133.309,124.614,127.203,Cru
810,26.497,132.979,124.912,126.901,Cru
811,26.529,132.646,124.546,126.94,Cru
812,26.565,130.903,124.69,126.683,Cru
813,26.597,129.309,124.873,126.82,Cru
814,26.629,129.494,124.707,126.819,Cru
815,26.661,131.672,124.581,126.513,Cru
816,26.693,131.777,124.529,126.458,Cru
817,26.725,130.942,124.408,126.464,Cru
818,26.761,131.377,124.713,126.267,Cru
819,26.793,132.512,124.224,126.296,Cru
820,26.825,133.724,124.109,126.39,Cru
821,26.857,131.706,124.213,126.439,Cru
822,26.889,132.394,123.568,126.585,Cru
823,26.925,131.57,123.532,126.155,Cru
824,26.957,132.158,123.609,126.685,Cru
825,26.989,132.057,123.802,126.493,Cru
826,27.021,131.454,123.664,126.698,Cru
827,27.053,130.482,124.015,126.344,Cru
828,27.089,131.128,124.056,126.677,Cru
829,27.121,129.692,123.786,126.585,Cru
830,27.153,132.144,124.271,126.971,Cru
831,27.185,142.764,124.636,127.916,Cru
832,27.217,129.287,124.097,126.806,Cru
833,27.249,129.782,124.045,126.444,Cru
834,27.285,129.971,124.383,126.957,Cru
835,27.317,130.398,124.689,126.249,Cru
836,27.349,130.704,124.266,126.799,Cru
837,27.381,131.1,124.265,126.835,Cru
838,27.413,132.068,124.455,126.672,Cru
839,27.449,132.975,124.326,126.982,Cru
840,27.481,133.014,124.279,127.129,Cru
841,27.513,134.282,124.224,126.816,Cru
842,27.545,132.562,124.689,126.437,Cru
843,27.577,131.537,124.392,127.014,Cru
844,27.613,131.026,124.566,126.717,Cru
845,27.645,130.999,124.36,126.438,Cru
846,27.677,128.894,124.477,126.573,Cru
847,27.709,129.453,124.731,126.509,Cru
848,27.741,129.105,124.567,126.653,Cru
849,27.773,128.55,124.326,126.607,Cru
850,27.809,129.565,124.573,126.784,Cru
851,27.841,129.245,124.663,126.948,Cru
852,27.873,129.998,124.631,126.459,Cru
853,27.905,130.682,124.416,126.773,Cru
854,27.937,131.706,124.111,126.542,Cru
855,27.973,132.165,124.134,126.488,Cru
856,28.005,132.234,124.221,126.69,Cru
857,28.037,132.663,124.142,126.392,Cru
858,28.069,132.15,124.194,126.58,Cru
859,28.101,131.054,124.132,127.029,Cru
860,28.137,131.283,124.161,126.534,Cru
861,28.169,131.432,124.314,126.346,Cru
862,28.201,131.188,124.202,126.24,Cru
863,28.233,128.88,124.171,126.553,Cru
864,28.265,130.461,124.144,126.291,Cru
865,28.297,130.364,124.264,126.492,Cru
866,28.333,129.904,124.591,126.266,Cru
867,28.365,130.853,124.237,126.632,Cru
868,28.397,131.885,124.304,126.632,Cru
869,28.429,133.979,124.157,127.064,Cru
870,28.461,133.96,124.388,126.577,Cru
871,28.497,132.926,124.007,126.759,Cru
872,28.529,132.436,124.39,126.663,Cru
873,28.561,134.213,124.699,126.991,Cru
874,28.593,132.535,124.369,126.977,Cru
875,28.625,131.647,124.829,126.789,Cru
876,28.661,130.913,124.568,126.764,Cru
877,28.693,131.545,124.735,126.759,Cru
878,28.725,130.046,124.602,126.659,Cru
879,28.757,130.895,124.721,126.498,Cru
880,28.789,132.293,124.614,127.1,Cru
881,28.821,131.434,124.629,126.852,Cru
882,28.857,130.553,124.442,126.943,Cru
883,28.889,130.924,124.449,126.937,Cru
884,28.921,131.797,124.629,126.985,Cru
885,28.953,131.999,124.821,126.855,Cru
886,28.985,130.665,124.674,126.736,Cru
887,29.021,130.775,124.186,126.893,Cru
888,29.053,130.97,124.492,126.621,Cru
889,29.085,131.602,124.238,127.222,Cru
890,29.117,130.986,124.657,126.93,Cru
891,29.149,130.863,124.441,126.733,Cru
892,29.185,131.66,124.235,126.816,Cru
893,29.217,129.319,124.442,126.794,Cru
894,29.249,129.208,124.189,126.617,Cru
895,29.281,130.645,124.314,126.357,Cru
896,29.313,131.492,124.071,126.959,Cru
897,29.345,131.504,124.262,126.512,Cru
898,29.381,131.727,124.33,126.63,Cru
899,29.413,132.336,124.291,126.641,Cru
900,29.445,133.515,124.087,126.669,Cru
901,29.477,133.396,123.932,126.331,Cru
902,29.509,131.761,124.215,126.488,Cru
903,29.545,132.593,124.249,126.573,Cru
904,29.577,133.052,123.943,127.046,Cru
905,29.609,134.218,124.172,126.911,Cru
906,29.641,131.781,124.124,126.795,Cru
907,29.673,130.613,124.081,127.127,Cru
908,29.709,131.479,124.828,126.465,Cru
909,29.741,129.645,124.357,126.989,Cru
910,29.773,128.951,124.533,126.666,Cru
911,29.805,128.954,124.134,126.471,Cru
912,29.837,126.798,124.037,127.087,Cru
913,29.869,128.038,124.365,126.869,Cru
914,29.905,130.509,124.263,126.846,Cru
915,29.937,131.727,124.519,126.654,Cru
916,29.969,130.268,124.277,126.729,Cru
917,30.001,132.531,124.109,127.047,Cru
918,30.033,133.221,124.6,126.29,Cru
919,30.069,131.575,123.99,127.213,Cru
920,30.101,130.81,124.351,126.621,Cru
921,30.133,130.131,124.551,127.151,Cru
922,30.165,128.039,124.473,126.823,Cru
923,30.197,127.475,124.445,126.805,Cru
924,30.233,126.291,124.686,126.7,Cru
925,30.265,126.915,124.624,126.56,Cru
926,30.297,127.721,124.643,126.69,Cru
927,30.329,127.754,124.594,126.827,Cru
928,30.361,127.506,124.6,126.58,Cru
929,30.393,127.356,124.183,126.952,Cru
930,30.429,128.327,124.324,126.558,Cru
931,30.461,130.085,124.816,126.406,Cru
932,30.493,128.865,124.379,126.869,Cru
933,30.525,130.759,124.475,126.605,Cru
934,30.557,129.821,124.556,126.881,Cru
935,30.593,130.288,124.56,126.661,Cru
936,30.625,131.728,124.444,126.9,Cru
937,30.657,131.13,124.494,126.989,Cru
938,30.689,129.116,124.731,126.95,Cru
939,30.721,130.15,124.484,127.06,Cru
940,30.757,129.474,124.821,126.758,Cru
941,30.789,130.068,124.705,126.367,Cru
942,30.821,130.159,124.505,126.739,Cru
943,30.853,128.268,124.545,126.86,Cru
944,30.885,127.326,124.668,126.871,Cru
945,30.917,127.132,124.353,126.907,Cru
946,30.953,127.947,124.42,126.609,Cru
947,30.985,130.081,124.358,126.863,Cru
948,31.017,131.191,124.386,126.468,Cru
949,31.049,130.718,124.27,126.727,Cru
950,31.081,132.278,124.118,126.868,Cru
951,31.117,131.667,124.464,126.575,Cru
952,31.149,130.419,124.271,127.011,Cru
953,31.181,126.677,124.606,126.696,Cru
954,31.213,127.247,124.465,126.477,Cru
955,31.245,128.251,124.408,126.604,Cru
956,31.281,128.493,124.363,126.392,Cru
957,31.313,128.874,124.343,126.275,Cru
958,31.345,129.412,124.277,125.972,Cru
959,31.377,130.209,124.323,125.984,Cru
960,31.409,130.591,124.076,126.617,Cru
961,31.441,132.091,124.409,126.427,Cru
962,31.477,131.777,124.663,126.492,Cru
963,31.509,132.543,124.084,126.989,Cru
964,31.541,132.899,124.262,126.67,Cru
965,31.573,132.498,124.548,126.387,Cru
966,31.605,131.463,124.691,126.322,Cru
967,31.641,130.233,124.926,126.617,Cru
968,31.673,128.872,124.762,126.687,Cru
969,31.705,127.38,124.876,126.338,Cru
970,31.737,127.324,125.17,126.654,Cru
971,31.769,129.742,124.843,126.857,Cru
972,31.805,130.327,124.825,126.855,Cru
973,31.837,130.032,124.515,127.109,Cru
974,31.869,131.856,124.739,127.128,Cru
975,31.901,134.039,124.7,126.523,Cru
976,31.933,132.122,125.089,126.287,Cru
977,31.965,130.725,125.059,126.352,Cru
978,32.001,131.891,124.81,126.789,Cru
979,32.033,131.164,124.961,126.638,Cru
980,32.065,135.183,124.95,126.735,Cru
981,32.097,133.396,125.143,126.847,Cru
982,32.129,129.99,125.477,126.775,Cru
983,32.165,128.497,125.505,126.826,Cru
984,32.197,129.163,125.65,127.094,Cru
985,32.229,130.517,125.478,127.226,Cru
986,32.261,128.409,125.748,126.76,Cru
987,32.293,129.596,125.691,127.003,Cru
988,32.329,131.383,125.291,127.186,Cru
989,32.361,130.129,125.608,126.821,Cru
990,32.393,129.479,125.521,126.507,Cru
991,32.425,130.091,125.373,126.41,Cru
992,32.457,129.515,125.086,126.268,Cru
993,32.489,129.826,125.296,126.358,Cru
994,32.525,130.908,125.334,126.305,Cru
995,32.557,128.244,125.259,126.208,Cru
996,32.589,129.252,125.095,126.297,Cru
997,32.621,129.96,124.938,126.762,Cru
998,32.653,128.349,124.817,126.729,Cru
999,32.689,128.265,125.476,126.777,Cru
1000,32.721,128.524,125.296,126.795,Cru
1001,32.753,129.48,125.278,126.535,Cru
1002,32.785,129.588,125.383,126.474,Cru
1003,32.817,131.181,125.061,126.689,Cru
1004,32.853,133.079,125.163,126.365,Cru
1005,32.885,131.86,125.056,126.557,Cru
1006,32.917,131.859,124.99,126.466,Cru
1007,32.949,130.973,124.983,126.509,Cru
1008,32.981,129.45,125.11,126.267,Cru
1009,33.013,128.892,125.066,126.677,Cru
1010,33.049,127.486,125.107,126.132,Cru
1011,33.081,126.448,124.912,126.546,Cru
1012,33.113,128.59,124.879,126.618,Cru
1013,33.145,127.392,124.89,126.575,Cru
1014,33.177,127.689,124.779,126.638,Cru
1015,33.213,129.497,124.503,126.708,Cru
1016,33.245,128.552,124.929,126.336,Cru
1017,33.277,129.562,124.973,126.535,Cru
1018,33.309,130.245,124.764,126.672,Cru
1019,33.341,130.316,125.164,126.405,Cru
1020,33.377,131.613,124.478,126.66,Cru
1021,33.409,132.489,124.832,126.699,Cru
1022,33.441,129.202,125.161,126.298,Cru
1023,33.473,128.776,124.677,126.041,Cru
1024,33.505,127.923,124.891,126.228,Cru
1025,33.537,127.434,124.861,126.637,Cru
1026,33.573,125.403,125.111,126.186,Cru
1027,33.605,126.566,124.753,126.33,Cru
1028,33.637,128.898,124.702,126.327,Cru
1029,33.669,128.78,124.814,126.479,Cru
1030,33.701,131.711,124.817,126.418,Cru
1031,33.737,132.734,124.21,126.698,Cru
1032,33.769,131.47,124.389,126.234,Cru
1033,33.801,132.372,124.391,126.427,Cru
1034,33.833,131.153,124.376,126.517,Cru
1035,33.865,131.826,124.667,126.543,Cru
1036,33.901,134.023,124.847,126.496,Cru
1037,33.933,130.655,124.668,126.344,Cru
1038,33.965,129.478,124.356,126.176,Cru
1039,33.997,128.23,124.312,125.974,Cru
1040,34.029,129.68,124.305,126.092,Cru
1041,34.061,128.543,124.219,126.22,Cru
1042,34.097,128.613,124.428,125.925,Cru
1043,34.129,126.74,124.248,126.272,Cru
1044,34.161,127.943,124.188,126.04,Cru
1045,34.193,129.834,124.657,125.852,Cru
1046,34.225,130.232,124.102,125.987,Cru
1047,34.261,129.459,124.103,126.157,Cru
1048,34.293,129.129,124.295,126.211,Cru
1049,34.325,128.375,124.531,126.035,Cru
1050,34.357,130.0,124.706,126.23,Cru
1051,34.389,131.853,124.786,126.021,Cru
1052,34.425,138.424,125.604,127.226,Cru
1053,34.457,127.234,124.821,126.025,Cru
1054,34.489,127.36,124.397,126.154,Cru
1055,34.521,126.549,124.524,126.292,Cru
1056,34.553,124.784,124.726,126.099,Cru
1057,34.585,125.005,124.41,126.344,Cru
1058,34.621,121.932,124.555,126.489,Cru
1059,34.653,127.519,124.752,126.551,Cru
1060,34.685,125.68,124.583,126.261,Cru
1061,34.717,128.489,124.531,126.436,Cru
1062,34.749,129.98,124.376,126.169,Cru
1063,34.785,129.708,124.296,126.245,Cru
1064,34.817,129.91,124.757,126.314,Cru
1065,34.849,131.099,124.199,126.175,Cru
1066,34.881,131.913,124.381,126.246,Cru
1067,34.913,128.769,124.662,126.137,Cru
1068,34.949,128.491,124.339,126.52,Cru
1069,34.981,128.451,124.198,126.038,Cru
1070,35.013,127.361,124.624,125.716,Cru
1071,35.045,127.145,124.374,125.991,Cru
1072,35.077,127.728,123.973,126.51,Cru
1073,35.109,127.636,124.395,126.228,Cru
1074,35.145,125.696,124.778,126.171,Cru
1075,35.177,127.862,124.816,126.753,Cru
1076,35.209,126.437,125.038,126.86,Cru
1077,35.241,126.076,124.79,126.588,Cru
1078,35.273,129.156,124.849,126.859,Cru
1079,35.309,127.578,125.204,125.951,Cru
1080,35.341,129.759,125.187,126.367,Cru
1081,35.373,132.985,124.493,126.48,Cru
1082,35.405,130.135,124.93,126.722,Cru
1083,35.437,131.218,124.694,126.414,Cru
1084,35.473,129.863,124.915,126.195,Cru
1085,35.505,127.972,124.775,126.536,Cru
1086,35.537,127.96,124.944,126.583,Cru
1087,35.569,126.011,124.433,126.7,Cru
1088,35.601,125.696,124.952,126.583,Cru
1089,35.633,125.919,124.658,126.613,Cru
1090,35.669,128.433,125.22,126.61,Cru
1091,35.701,124.387,124.899,126.242,Cru
1092,35.733,127.212,124.936,126.581,Cru
1093,35.765,127.613,124.71,126.358,Cru
1094,35.797,128.409,124.93,126.06,Cru
1095,35.833,127.611,124.93,126.173,Cru
1096,35.865,127.245,124.447,126.596,Cru
1097,35.897,126.615,124.508,126.301,Cru
1098,35.929,128.056,124.636,125.887,Cru
1099,35.961,128.058,124.599,126.505,Cru
1100,35.997,126.634,125.225,125.746,Cru
1101,36.029,126.033,124.73,125.839,Cru
1102,36.061,126.051,124.35,126.296,Cru
1103,36.093,126.715,124.54,126.188,Cru
1104,36.125,124.889,124.763,126.463,Cru
1105,36.157,123.673,125.207,126.067,Cru
1106,36.193,128.346,124.886,126.32,Cru
1107,36.225,127.695,124.464,126.282,Cru
1108,36.257,127.861,124.403,126.418,Cru
1109,36.289,127.664,124.982,126.22,Cru
1110,36.321,126.161,124.982,126.497,Cru
1111,36.357,128.262,124.985,126.567,Cru
1112,36.389,128.879,124.772,126.363,Cru
1113,36.421,128.896,124.831,126.33,Cru
1114,36.453,131.805,124.678,126.375,Cru
1115,36.485,129.561,124.696,126.588,Cru
1116,36.521,127.675,124.708,126.291,Cru
1117,36.553,125.798,124.781,126.238,Cru
1118,36.585,125.418,125.148,126.103,Cru
1119,36.617,126.72,124.436,126.384,Cru
1120,36.649,129.486,125.014,126.434,Cru
1121,36.681,128.003,124.893,126.197,Cru
1122,36.717,129.571,124.847,126.434,Cru
1123,36.749,130.587,125.064,126.288,Cru
1124,36.781,130.342,124.525,126.277,Cru
1125,36.813,128.59,124.733,126.066,Cru
1126,36.845,130.084,124.557,126.359,Cru
1127,36.881,131.196,124.785,126.064,Cru
1128,36.913,132.719,124.59,126.995,Cru
1129,36.945,135.481,124.884,126.926,Cru
1130,36.977,130.769,124.474,126.317,Cru
1131,37.009,128.892,124.57,126.327,Cru
1132,37.045,131.907,124.576,127.104,Cru
1133,37.077,129.188,124.394,126.431,Cru
1134,37.109,128.738,124.066,126.351,Cru
1135,37.141,142.061,126.003,128.06,Cru
1136,37.173,126.895,124.254,125.717,Cru
1137,37.205,129.602,124.691,125.737,Cru
1138,37.241,131.848,124.537,125.768,Cru
1139,37.273,133.88,124.375,125.944,Cru
1140,37.305,133.827,124.535,126.302,Cru
1141,37.337,134.66,124.299,126.111,Cru
1142,37.369,130.477,123.871,126.367,Cru
1143,37.405,131.943,124.298,125.755,Cru
1144,37.437,133.688,124.228,126.228,Cru
1145,37.469,132.519,124.162,125.861,Cru
1146,37.501,132.745,124.298,125.582,Cru
1147,37.533,135.538,124.304,126.254,Cru
1148,37.569,129.423,124.339,126.101,Cru
1149,37.601,127.857,124.189,125.889,Cru
1150,37.633,126.764,124.341,125.842,Cru
1151,37.665,128.719,124.705,125.716,Cru
1152,37.697,128.749,124.892,125.98,Cru
1153,37.729,128.856,124.49,125.953,Cru
1154,37.765,129.657,124.621,125.879,Cru
1155,37.797,130.101,124.323,125.91,Cru
1156,37.829,131.615,124.407,126.347,Cru
1157,37.861,136.159,124.935,126.803,Cru
1158,37.893,145.825,124.703,127.1,Cru
1159,37.929,130.162,124.19,126.476,Cru
1160,37.961,139.165,125.181,127.032,Cru
1161,37.993,133.263,124.491,126.195,Cru
1162,38.025,133.501,124.374,126.481,Cru
1163,38.057,133.547,124.835,125.799,Cru
1164,38.093,135.033,124.036,126.15,Cru
1165,38.125,140.109,124.029,127.386,Cru
1166,38.157,134.084,124.191,126.537,Cru
1167,38.189,137.221,124.293,126.647,Cru
1168,38.221,134.254,124.149,126.86,Cru
1169,38.253,131.592,124.351,126.453,Cru
1170,38.289,131.358,124.082,126.617,Cru
1171,38.321,131.634,124.4,126.21,Cru
1172,38.353,131.349,124.365,126.306,Cru
1173,38.385,133.463,124.663,126.319,Cru
1174,38.417,133.495,124.284,126.328,Cru
1175,38.453,132.846,123.999,126.42,Cru
1176,38.485,132.116,124.478,126.011,Cru
1177,38.517,132.567,124.49,126.11,Cru
1178,38.549,136.422,124.297,126.822,Cru
1179,38.581,133.963,124.148,126.839,Cru
1180,38.617,137.271,124.444,126.262,Cru
1181,38.649,131.326,123.955,126.508,Cru
1182,38.681,131.315,123.788,126.458,Cru
1183,38.713,130.501,124.156,126.385,Cru
1184,38.745,132.728,124.425,126.35,Cru
1185,38.777,133.386,124.341,126.477,Cru
1186,38.813,133.63,124.16,126.3,Cru
1187,38.845,131.477,124.26,126.442,Cru
1188,38.877,132.489,124.275,126.66,Cru
1189,38.909,132.771,124.402,126.227,Cru
1190,38.941,131.412,124.269,126.312,Cru
1191,38.977,132.097,124.376,126.342,Cru
1192,39.009,130.878,124.7,126.081,Cru
1193,39.041,130.658,124.239,126.462,Cru
1194,39.073,132.545,124.265,126.248,Cru
1195,39.105,133.354,124.298,126.229,Cru
1196,39.141,131.522,124.189,126.205,Cru
1197,39.173,131.94,124.011,126.068,Cru
1198,39.205,131.081,124.227,125.869,Cru
1199,39.237,131.757,124.289,126.285,Cru
1200,39.269,131.996,124.579,126.126,Cru
1201,39.301,133.238,124.37,126.174,Cru
1202,39.337,134.686,124.221,126.351,Cru
1203,39.369,133.042,124.519,126.522,Cru
1204,39.401,132.584,124.36,127.013,Cru
1205,39.433,133.029,124.186,126.479,Cru
1206,39.465,135.495,124.14,126.255,Cru
1207,39.501,134.285,124.349,126.247,Cru
1208,39.533,135.023,124.001,126.293,Cru
1209,39.565,134.059,124.35,126.055,Cru
1210,39.597,132.913,124.061,126.154,Cru
1211,39.629,133.256,123.758,126.37,Cru
1212,39.665,132.301,124.071,126.141,Cru
1213,39.697,130.426,123.931,126.305,Cru
1214,39.729,132.512,124.257,126.277,Cru
1215,39.761,136.314,124.447,126.671,Cru
1216,39.793,138.979,124.417,127.437,Cru
1217,39.825,136.836,124.574,126.721,Cru
1218,39.861,136.648,124.234,126.522,Cru
1219,39.893,137.99,123.875,126.092,Cru
1220,39.925,135.692,123.702,126.151,Cru
1221,39.957,137.727,123.57,126.546,Cru
1222,39.989,137.032,123.893,126.136,Cru
1223,40.025,135.111,124.171,126.256,Cru
1224,40.057,134.353,124.04,126.071,Cru
1225,40.089,134.375,123.912,126.349,Cru
1226,40.121,134.442,123.942,126.014,Cru
1227,40.153,133.86,123.99,126.06,Cru
1228,40.189,136.686,124.223,126.504,Cru
1229,40.221,133.706,124.23,126.089,Cru
1230,40.253,136.889,124.487,126.202,Cru
1231,40.285,134.793,124.48,126.33,Cru
1232,40.317,135.884,124.436,126.767,Cru
1233,40.349,135.002,124.895,126.109,Cru
1234,40.385,135.496,124.566,126.244,Cru
1235,40.417,137.156,124.26,126.672,Cru
1236,40.449,135.445,124.343,126.854,Cru
1237,40.481,135.586,124.539,126.968,Cru
1238,40.513,135.235,124.391,126.741,Cru
1239,40.549,135.837,124.187,126.489,Cru
1240,40.581,136.011,124.419,126.496,Cru
1241,40.613,135.715,124.357,126.506,Cru
1242,40.645,137.279,124.194,126.419,Cru
1243,40.677,136.213,124.164,126.28,Cru
1244,40.713,136.904,123.824,126.786,Cru
1245,40.745,136.387,124.13,126.741,Cru
1246,40.777,136.93,124.406,126.752,Cru
1247,40.809,135.739,124.461,126.569,Cru
1248,40.841,133.921,124.808,127.095,Cru
1249,40.873,138.214,124.555,127.031,Cru
1250,40.909,137.824,124.537,126.714,Cru
1251,40.941,137.572,123.853,126.83,Cru
1252,40.973,136.2,124.019,126.962,Cru
1253,41.005,135.761,124.216,126.829,Cru
1254,41.037,137.847,124.391,127.343,Cru
1255,41.073,137.205,124.27,127.351,Cru
1256,41.105,136.03,124.178,126.717,Cru
1257,41.137,137.686,124.103,127.143,Cru
1258,41.169,140.93,124.377,126.749,Cru
1259,41.201,139.112,124.173,126.759,Cru
1260,41.237,140.559,124.277,127.219,Cru
1261,41.269,140.447,124.422,127.191,Cru
1262,41.301,142.04,124.917,127.493,Cru
1263,41.333,136.705,124.645,127.852,Cru
1264,41.365,139.182,124.83,127.397,Cru
1265,41.397,143.434,124.797,128.088,Cru
1266,41.433,142.974,124.874,127.674,Cru
1267,41.465,143.047,124.897,127.373,Cru
1268,41.497,138.919,125.025,126.605,Cru
1269,41.529,139.116,123.965,126.839,Cru
1270,41.561,156.093,125.103,128.821,Cru
1271,41.597,139.694,123.772,127.241,Cru
1272,41.629,141.941,124.364,126.509,Cru
1273,41.661,144.852,124.127,126.869,Cru
1274,41.693,141.194,124.045,127.378,Cru
1275,41.725,141.381,124.405,127.237,Cru
1276,41.761,141.876,124.286,127.688,Cru
1277,41.793,135.05,124.292,127.178,Cru
1278,41.825,137.338,124.447,126.828,Cru
1279,41.857,144.999,125.227,127.152,Cru
1280,41.889,139.38,124.464,127.562,Cru
1281,41.921,137.852,124.672,126.738,Cru
1282,41.957,138.57,124.349,127.224,Cru
1283,41.989,137.236,124.39,126.881,Cru
1284,42.021,139.04,124.526,126.72,Cru
1285,42.053,140.755,124.105,127.025,Cru
1286,42.085,140.545,124.438,126.819,Cru
1287,42.121,139.661,124.102,127.46,Cru
1288,42.153,140.378,124.557,127.339,Cru
1289,42.185,137.604,124.531,127.35,Cru
1290,42.217,135.699,124.702,126.799,Cru
1291,42.249,135.68,124.63,126.859,Cru
1292,42.285,135.609,124.756,127.193,Cru
1293,42.317,133.505,125.071,126.945,Cru
1294,42.349,136.393,124.906,127.31,Cru
1295,42.381,136.79,124.764,127.032,Cru
1296,42.413,138.381,124.36,127.262,Cru
1297,42.445,142.295,124.746,127.352,Cru
1298,42.481,140.657,124.53,127.392,Cru
1299,42.513,138.187,125.13,127.2,Cru
1300,42.545,138.4,124.457,127.317,Cru
1301,42.577,137.082,124.485,127.265,Cru
1302,42.609,136.514,124.349,127.533,Cru
1303,42.645,139.905,124.589,127.665,Cru
1304,42.677,143.036,124.98,127.871,Cru
1305,42.709,146.034,125.006,127.398,Cru
1306,42.741,155.893,125.594,128.46,Cru
1307,42.773,141.036,125.07,127.182,Cru
1308,42.809,172.345,127.311,128.62,Cru
1309,42.841,139.089,124.786,127.298,Cru
1310,42.873,139.195,124.281,127.425,Cru
1311,42.905,139.931,124.723,127.276,Cru
1312,42.937,139.68,124.716,127.252,Cru
1313,42.969,139.767,124.692,126.93,Cru
1314,43.005,142.118,124.749,127.639,Cru
1315,43.037,136.94,124.445,126.888,Cru
1316,43.069,136.648,124.539,126.642,Cru
1317,43.101,135.685,124.456,126.861,Cru
1318,43.133,136.777,124.186,126.955,Cru
1319,43.169,138.692,124.277,126.91,Cru
1320,43.201,135.876,124.856,127.132,Cru
1321,43.233,134.365,125.111,126.883,Cru
1322,43.265,134.654,125.305,127.347,Cru
1323,43.297,136.099,125.056,127.284,Cru
1324,43.333,137.636,124.961,126.814,Cru
1325,43.365,137.954,124.642,126.815,Cru
1326,43.397,138.739,124.234,127.744,Cru
1327,43.429,141.693,124.422,127.533,Cru
1328,43.461,144.696,124.332,127.725,Cru
1329,43.493,139.609,124.386,127.091,Cru
1330,43.529,139.966,124.08,127.005,Cru
1331,43.561,139.937,124.297,126.817,Cru
1332,43.593,137.892,124.501,127.136,Cru
1333,43.625,139.893,124.707,126.968,Cru
1334,43.657,147.561,124.369,126.889,Cru
1335,43.693,137.947,124.436,127.179,Cru
1336,43.725,140.24,124.05,127.397,Cru
1337,43.757,140.33,124.748,127.195,Cru
1338,43.789,139.739,124.483,127.165,Cru
1339,43.821,139.92,124.208,126.929,Cru
1340,43.857,139.281,124.241,127.059,Cru
1341,43.889,139.286,123.951,127.112,Cru
1342,43.921,140.658,123.415,127.275,Cru
1343,43.953,140.071,123.91,126.888,Cru
1344,43.985,141.927,124.355,127.061,Cru
1345,44.017,140.255,124.892,126.952,Cru
1346,44.053,147.039,125.028,127.284,Cru
1347,44.085,140.42,124.46,127.191,Cru
1348,44.117,139.857,124.304,126.622,Cru
1349,44.149,142.565,124.28,126.761,Cru
1350,44.181,140.179,124.032,127.071,Cru
1351,44.217,233.798,127.858,135.214,Cru
1352,44.249,136.184,123.873,126.906,Cru
1353,44.281,137.232,123.482,127.23,Cru
1354,44.313,138.2,123.628,127.125,Cru
1355,44.345,137.639,123.695,126.711,Cru
1356,44.381,136.767,123.746,126.446,Cru
1357,44.413,134.794,123.428,126.188,Cru
1358,44.445,132.18,123.615,126.393,Cru
1359,44.477,136.261,123.17,126.346,Cru
1360,44.509,137.335,123.024,126.374,Cru
1361,44.541,135.818,123.081,126.745,Cru
1362,44.577,135.564,123.195,126.889,Cru
1363,44.609,135.272,123.355,127.04,Cru
1364,44.641,136.875,124.329,126.681,Cru
1365,44.673,140.079,124.183,127.359,Cru
1366,44.705,138.781,123.781,127.149,Cru
1367,44.741,138.663,123.8,127.316,Cru
1368,44.773,141.121,123.841,127.465,Cru
1369,44.805,141.174,124.097,127.257,Cru
1370,44.837,142.901,124.444,128.062,Cru
1371,44.869,140.842,125.148,127.956,Cru
1372,44.905,138.075,125.173,127.52,Cru
1373,44.937,137.598,125.237,127.737,Cru
1374,44.969,134.296,124.899,127.349,Cru
1375,45.001,135.709,124.492,127.268,Cru
1376,45.033,138.005,124.818,127.247,Cru
1377,45.065,140.46,124.046,127.351,Cru
1378,45.101,142.69,124.075,127.199,Cru
1379,45.133,136.877,123.556,127.141,Cru
1380,45.165,146.398,123.711,126.631,Cru
1381,45.197,211.282,126.39,128.518,Cru
1382,45.229,138.965,123.64,126.83,Cru
1383,45.265,138.53,123.597,126.537,Cru
1384,45.297,137.21,123.704,126.523,Cru
1385,45.329,141.104,124.11,126.381,Cru
1386,45.361,149.331,124.392,127.82,Cru
1387,45.393,137.732,123.627,126.647,Cru
1388,45.429,135.072,123.657,126.132,Cru
1389,45.461,133.289,123.475,126.36,Cru
1390,45.493,132.828,123.931,126.016,Cru
1391,45.525,132.577,124.142,125.614,Cru
1392,45.557,132.515,124.033,126.097,Cru
1393,45.589,134.124,123.79,126.265,Cru
1394,45.625,135.699,123.871,126.148,Cru
1395,45.657,136.738,123.569,126.316,Cru
1396,45.689,140.538,123.999,125.737,Cru
1397,45.721,136.525,123.822,126.047,Cru
1398,45.753,138.993,123.757,126.333,Cru
1399,45.789,146.84,124.384,127.321,Cru
1400,45.821,136.366,123.336,126.454,Cru
1401,45.853,134.262,123.694,125.851,Cru
1402,45.885,134.597,123.482,126.248,Cru
1403,45.917,132.295,123.705,126.027,Cru
1404,45.953,135.091,123.626,126.292,Cru
1405,45.985,140.369,124.391,126.957,Cru
1406,46.017,146.173,124.668,126.839,Cru
1407,46.049,140.417,123.971,126.6,Cru
1408,46.081,138.303,123.777,127.124,Cru
1409,46.113,132.101,123.307,126.098,Cru
1410,46.149,134.354,123.226,126.088,Cru
1411,46.181,142.153,123.354,126.08,Cru
1412,46.213,138.675,123.411,126.261,Cru
1413,46.245,135.384,123.137,125.888,Cru
1414,46.277,135.182,123.122,125.638,Cru
1415,46.313,131.031,123.394,126.087,Cru
1416,46.345,137.055,124.361,126.257,Cru
1417,46.377,129.419,123.933,125.732,Cru
1418,46.409,130.728,124.024,126.392,Cru
1419,46.441,135.05,123.88,126.328,Cru
1420,46.477,133.751,123.625,126.045,Cru
1421,46.509,131.987,123.155,125.969,Cru
1422,46.541,131.454,123.76,125.773,Cru
1423,46.573,152.836,124.84,127.536,Cru
1424,46.605,139.365,123.756,127.085,Cru
1425,46.637,135.665,123.24,126.134,Cru
1426,46.673,132.33,123.129,125.952,Cru
1427,46.705,132.066,123.476,126.181,Cru
1428,46.737,131.972,123.395,125.779,Cru
1429,46.769,133.609,123.076,126.198,Cru
1430,46.801,132.829,123.351,125.874,Cru
1431,46.837,133.704,123.279,126.203,Cru
1432,46.869,135.738,123.578,125.634,Cru
1433,46.901,131.807,123.817,125.887,Cru
1434,46.933,129.632,123.953,126.236,Cru
1435,46.965,131.708,124.022,125.976,Cru
1436,47.001,133.105,123.656,126.105,Cru
1437,47.033,129.829,123.28,126.344,Cru
1438,47.065,131.083,123.304,125.948,Cru
1439,47.097,131.411,123.691,125.965,Cru
1440,47.129,132.117,123.041,126.264,Cru
1441,47.161,132.681,123.097,126.062,Cru
1442,47.197,130.901,123.083,126.064,Cru
1443,47.229,132.172,123.387,125.826,Cru
1444,47.261,133.323,123.502,126.368,Cru
1445,47.293,133.138,123.572,126.052,Cru
1446,47.325,133.113,123.427,126.389,Cru
1447,47.361,132.712,123.888,126.247,Cru
1448,47.393,133.334,123.935,126.668,Cru
1449,47.425,134.865,123.849,126.619,Cru
1450,47.457,135.594,123.849,126.892,Cru
1451,47.489,131.133,123.858,126.473,Cru
1452,47.525,129.689,123.859,126.475,Cru
1453,47.557,131.753,123.869,126.433,Cru
1454,47.589,131.625,123.86,126.56,Cru
1455,47.621,135.348,124.44,126.936,Cru
1456,47.653,129.081,124.09,126.732,Cru
1457,47.685,130.357,124.016,126.945,Cru
1458,47.721,130.085,124.47,126.829,Cru
1459,47.753,128.971,124.114,126.85,Cru
1460,47.785,131.643,124.152,126.732,Cru
1461,47.817,134.261,124.03,126.506,Cru
1462,47.849,133.05,123.92,127.182,Cru
1463,47.885,133.79,124.14,126.636,Cru
1464,47.917,132.032,124.456,126.819,Cru
1465,47.949,128.488,124.473,126.878,Cru
1466,47.981,128.394,124.598,126.998,Cru
1467,48.013,128.714,124.592,127.208,Cru
1468,48.049,130.728,124.602,126.953,Cru
1469,48.081,130.263,124.65,126.729,Cru
1470,48.113,130.437,124.376,126.963,Cru
1471,48.145,133.266,123.775,127.09,Cru
1472,48.177,133.828,124.264,127.125,Cru
1473,48.209,133.624,124.253,127.365,Cru
1474,48.245,131.782,124.48,127.369,Cru
1475,48.277,134.426,124.49,127.52,Cru
1476,48.309,134.896,124.688,127.943,Cru
1477,48.341,137.906,125.081,128.423,Cru
1478,48.373,132.31,124.495,127.931,Cru
1479,48.409,128.443,124.525,127.154,Cru
1480,48.441,130.242,124.314,127.101,Cru
1481,48.473,130.349,124.004,127.406,Cru
1482,48.505,127.855,124.048,127.08,Cru
1483,48.537,129.422,123.891,127.174,Cru
1484,48.573,136.206,124.189,127.359,Cru
1485,48.605,132.671,124.147,127.16,Cru
1486,48.637,135.175,123.957,127.142,Cru
1487,48.669,138.031,124.047,127.776,Cru
1488,48.701,147.11,123.916,127.659,Cru
1489,48.733,129.749,123.986,127.989,Cru
1490,48.769,130.379,124.72,127.924,Cru
1491,48.801,129.631,124.641,127.752,Cru
1492,48.833,127.438,124.649,127.674,Cru
1493,48.865,126.112,124.708,128.072,Cru
1494,48.897,131.461,124.962,128.081,Cru
1495,48.933,128.873,124.837,128.107,Cru
1496,48.965,127.665,125.075,127.712,Cru
1497,48.997,127.789,124.894,127.398,Cru
1498,49.029,127.914,124.871,127.444,Cru
1499,49.061,129.791,124.946,127.523,Cru
1500,49.097,129.358,124.995,127.334,Cru
1501,49.129,128.38,124.949,127.036,Cru
1502,49.161,128.888,124.591,127.64,Cru
1503,49.193,129.43,124.314,127.713,Cru
1504,49.225,130.428,124.432,127.491,Cru
1505,49.257,132.103,124.477,127.61,Cru
1506,49.293,130.585,124.429,127.911,Cru
1507,49.325,129.0,124.879,127.725,Cru
1508,49.357,129.708,124.623,127.494,Cru
1509,49.389,130.34,124.229,128.118,Cru
1510,49.421,129.586,124.724,127.786,Cru
1511,49.457,130.109,124.7,127.424,Cru
1512,49.489,128.698,125.083,127.017,Cru
1513,49.521,127.687,124.694,126.874,Cru
1514,49.553,129.781,124.424,127.192,Cru
1515,49.585,132.317,124.577,127.263,Cru
1516,49.621,133.82,124.649,127.224,Cru
1517,49.653,130.46,124.413,127.452,Cru
1518,49.685,130.022,124.002,127.207,Cru
1519,49.717,129.644,124.17,126.892,Cru
1520,49.749,132.245,123.767,127.164,Cru
1521,49.781,131.117,124.135,126.872,Cru
1522,49.817,128.45,123.701,127.088,Cru
1523,49.849,127.44,123.799,127.158,Cru
1524,49.881,127.497,124.102,127.239,Cru
1525,49.913,130.77,124.183,127.087,Cru
1526,49.945,129.657,124.417,126.924,Cru
1527,49.981,129.043,124.336,127.169,Cru
1528,50.013,127.7,124.346,127.092,Cru
1529,50.045,130.092,124.421,127.135,Cru
1530,50.077,129.935,124.296,127.295,Cru
1531,50.109,128.516,124.623,126.927,Cru
1532,50.145,131.127,124.777,127.148,Cru
1533,50.177,130.73,124.36,127.149,Cru
1534,50.209,130.208,124.288,126.913,Cru
1535,50.241,129.108,124.424,127.268,Cru
1536,50.273,130.097,124.693,127.309,Cru
1537,50.305,129.929,124.718,126.903,Cru
1538,50.341,135.155,125.149,127.987,Cru
1539,50.373,155.93,126.039,129.92,Cru
1540,50.405,136.942,125.456,128.013,Cru
1541,50.437,132.269,124.885,127.127,Cru
1542,50.469,130.427,124.682,127.621,Cru
1543,50.505,128.288,124.797,127.531,Cru
1544,50.537,130.588,124.834,127.499,Cru
1545,50.569,136.182,125.603,127.507,Cru
1546,50.601,141.161,124.966,127.506,Cru
1547,50.633,129.909,124.806,127.128,Cru
1548,50.669,130.108,124.555,127.215,Cru
1549,50.701,130.7,124.809,127.168,Cru
1550,50.733,130.514,124.894,127.033,Cru
1551,50.765,131.571,124.761,127.122,Cru
1552,50.797,131.647,124.724,126.874,Cru
1553,50.829,132.85,124.585,126.91,Cru
1554,50.865,131.346,124.537,126.993,Cru
1555,50.897,130.68,124.704,126.674,Cru
1556,50.929,131.724,124.625,127.292,Cru
1557,50.961,133.376,125.137,127.918,Cru
1558,50.993,135.587,124.998,127.912,Cru
1559,51.029,129.785,124.85,127.645,Cru
1560,51.061,128.395,125.14,127.173,Cru
1561,51.093,129.738,124.912,127.13,Cru
1562,51.125,130.684,125.21,127.388,Cru
1563,51.157,130.07,124.968,127.191,Cru
1564,51.193,129.694,124.995,127.277,Cru
1565,51.225,133.269,125.104,127.224,Cru
1566,51.257,132.463,124.944,127.314,Cru
1567,51.289,133.201,124.711,127.539,Cru
1568,51.321,131.782,125.334,127.462,Cru
1569,51.353,131.924,125.157,127.351,Cru
1570,51.389,131.563,125.172,127.114,Cru
1571,51.421,130.08,125.222,127.554,Cru
1572,51.453,130.428,125.089,127.671,Cru
1573,51.485,131.349,125.212,127.211,Cru
1574,51.517,129.291,125.282,127.338,Cru
1575,51.553,129.976,125.255,127.506,Cru
1576,51.585,130.896,125.597,127.747,Cru
1577,51.617,130.947,125.155,127.111,Cru
1578,51.649,132.213,124.998,127.513,Cru
1579,51.681,129.89,125.268,127.015,Cru
1580,51.717,129.95,125.261,127.319,Cru
1581,51.749,132.165,125.13,127.49,Cru
1582,51.781,129.786,125.361,126.835,Cru
1583,51.813,128.293,125.073,127.247,Cru
1584,51.845,127.437,125.131,127.143,Cru
1585,51.877,127.665,125.091,126.964,Cru
1586,51.913,128.537,124.947,127.551,Cru
1587,51.945,128.497,125.248,127.547,Cru
1588,51.977,126.888,125.409,127.457,Cru
1589,52.009,124.84,125.358,127.489,Cru
1590,52.041,124.908,125.146,127.715,Cru
1591,52.077,125.349,125.422,127.435,Cru
1592,52.109,128.341,125.286,127.106,Cru
1593,52.141,131.019,124.856,127.409,Cru
1594,52.173,132.67,124.36,127.512,Cru
1595,52.205,131.104,124.579,127.255,Cru
1596,52.241,131.244,124.631,127.346,Cru
1597,52.273,131.83,124.495,127.615,Cru
1598,52.305,132.397,124.865,127.575,Cru
1599,52.337,132.871,124.628,127.663,Cru
1600,52.369,135.215,125.032,127.798,Cru
1601,52.401,136.506,125.361,127.841,Cru
1602,52.437,133.32,124.681,127.865,Cru
1603,52.469,134.776,124.921,127.605,Cru
1604,52.501,132.437,124.812,127.691,Cru
1605,52.533,130.754,124.856,127.27,Cru
1606,52.565,131.766,124.916,127.513,Cru
1607,52.601,134.137,125.095,127.831,Cru
1608,52.633,133.537,125.002,127.69,Cru
1609,52.665,132.326,124.97,127.906,Cru
1610,52.697,132.061,124.867,127.598,Cru
1611,52.729,132.791,125.319,127.425,Cru
1612,52.765,134.271,125.149,127.584,Cru
1613,52.797,132.918,124.275,127.442,Cru
1614,52.829,130.827,124.338,127.35,Cru
1615,52.861,131.307,124.804,127.26,Cru
1616,52.893,136.993,125.122,127.804,Cru
1617,52.925,133.737,124.762,127.843,Cru
1618,52.961,131.588,124.768,127.691,Cru
1619,52.993,132.091,124.552,127.747,Cru
1620,53.025,131.87,124.839,127.348,Cru
1621,53.057,130.577,124.744,127.827,Cru
1622,53.089,131.089,125.179,127.529,Cru
1623,53.125,131.185,124.884,127.628,Cru
1624,53.157,130.65,124.9,127.194,Cru
1625,53.189,131.305,124.695,127.657,Cru
1626,53.221,131.427,124.992,127.183,Cru
1627,53.253,132.091,124.903,127.65,Cru
1628,53.289,132.45,124.882,127.544,Cru
1629,53.321,131.759,124.371,127.078,Cru
1630,53.353,131.962,124.888,127.485,Cru
1631,53.385,135.423,124.585,127.548,Cru
1632,53.417,135.319,124.662,127.281,Cru
1633,53.449,133.941,124.096,126.821,Cru
1634,53.485,132.855,124.341,127.022,Cru
1635,53.517,132.274,124.536,127.117,Cru
1636,53.549,135.763,124.21,127.547,Cru
1637,53.581,135.26,124.233,127.148,Cru
1638,53.613,133.064,124.498,126.903,Cru
1639,53.649,131.225,124.217,127.242,Cru
1640,53.681,132.679,124.462,127.489,Cru
1641,53.713,133.074,124.535,127.441,Cru
1642,53.745,133.506,124.562,126.952,Cru
1643,53.777,128.998,124.31,126.967,Cru
1644,53.813,127.168,124.407,126.939,Cru
1645,53.845,129.261,124.583,127.564,Cru
1646,53.877,132.005,124.851,127.234,Cru
1647,53.909,131.985,124.457,127.02,Cru
1648,53.941,133.282,124.559,126.617,Cru
1649,53.973,133.458,124.349,126.709,Cru
1650,54.009,134.237,124.228,126.992,Cru
1651,54.041,134.713,123.99,127.288,Cru
1652,54.073,135.291,124.202,126.922,Cru
1653,54.105,137.821,124.68,127.2,Cru
1654,54.137,137.889,124.511,126.938,Cru
1655,54.173,135.093,124.55,127.275,Cru
1656,54.205,134.661,124.568,126.972,Cru
1657,54.237,134.36,124.369,126.931,Cru
1658,54.269,133.943,124.373,127.169,Cru
1659,54.301,132.266,123.969,127.217,Cru
1660,54.337,131.771,124.044,126.77,Cru
1661,54.369,130.01,124.816,126.925,Cru
1662,54.401,130.668,124.668,126.809,Cru
1663,54.433,132.303,124.402,127.213,Cru
1664,54.465,131.745,124.377,127.091,Cru
1665,54.497,133.829,124.115,126.92,Cru
1666,54.533,131.106,124.083,126.752,Cru
1667,54.565,130.33,124.075,126.75,Cru
1668,54.597,131.349,124.322,127.019,Cru
1669,54.629,132.856,124.567,127.154,Cru
1670,54.661,137.286,124.666,127.456,Cru
1671,54.697,131.334,124.475,127.02,Cru
1672,54.729,127.26,124.738,127.12,Cru
1673,54.761,128.593,124.839,127.27,Cru
1674,54.793,134.032,125.233,127.451,Cru
1675,54.825,148.772,125.089,127.194,Cru
1676,54.861,134.529,124.995,127.152,Cru
1677,54.893,129.334,124.686,126.973,Cru
1678,54.925,127.104,124.579,126.799,Cru
1679,54.957,129.104,124.56,126.825,Cru
1680,54.989,130.684,124.21,126.79,Cru
1681,55.021,132.347,124.485,126.496,Cru
1682,55.057,134.28,124.279,126.678,Cru
1683,55.089,132.831,124.766,126.071,Cru
1684,55.121,131.52,124.929,126.475,Cru
1685,55.153,133.135,124.448,126.611,Cru
1686,55.185,128.891,124.223,126.666,Cru
1687,55.221,127.902,124.52,126.93,Cru
1688,55.253,129.439,124.68,126.943,Cru
1689,55.285,132.325,124.614,126.616,Cru
1690,55.317,131.265,124.364,126.989,Cru
1691,55.349,130.726,124.463,126.509,Cru
1692,55.385,130.222,124.942,126.269,Cru
1693,55.417,129.992,124.19,126.605,Cru
1694,55.449,130.198,123.971,126.677,Cru
1695,55.481,129.599,124.259,126.544,Cru
1696,55.513,129.607,124.478,126.421,Cru
1697,55.545,126.618,124.419,126.396,Cru
1698,55.581,127.866,124.857,126.241,Cru
1699,55.613,129.02,124.08,126.739,Cru
1700,55.645,127.403,124.198,126.304,Cru
1701,55.677,125.159,124.467,126.863,Cru
1702,55.709,126.533,124.422,126.955,Cru
1703,55.745,128.744,124.181,126.873,Cru
1704,55.777,128.679,123.94,126.962,Cru
1705,55.809,129.45,124.246,126.606,Cru
1706,55.841,129.935,124.238,126.522,Cru
1707,55.873,127.937,124.335,126.248,Cru
1708,55.909,131.378,123.594,126.968,Cru
1709,55.941,132.931,123.746,126.499,Cru
1710,55.973,130.623,123.467,126.384,Cru
1711,56.005,125.174,123.55,126.232,Cru
1712,56.037,124.888,124.015,126.233,Cru
1713,56.069,126.842,124.012,126.292,Cru
1714,56.105,129.488,124.133,126.781,Cru
1715,56.137,127.214,124.271,126.034,Cru
1716,56.169,126.597,124.396,126.454,Cru
1717,56.201,126.429,124.184,126.564,Cru
1718,56.233,127.793,124.336,126.314,Cru
1719,56.269,129.44,123.996,126.771,Cru
1720,56.301,129.479,124.148,126.659,Cru
1721,56.333,129.142,124.255,126.189,Cru
1722,56.365,125.249,124.449,126.202,Cru
1723,56.397,127.597,124.294,126.559,Cru
1724,56.433,128.891,124.406,126.616,Cru
1725,56.465,128.725,124.098,126.896,Cru
1726,56.497,128.65,124.265,126.684,Cru
1727,56.529,130.207,123.966,126.815,Cru
1728,56.561,128.518,123.616,126.529,Cru
1729,56.593,130.06,123.679,126.336,Cru
1730,56.629,125.925,123.72,126.84,Cru
1731,56.661,125.933,124.037,126.781,Cru
1732,56.693,125.676,124.542,127.095,Cru
1733,56.725,125.912,124.729,126.51,Cru
1734,56.757,127.317,124.467,126.519,Cru
1735,56.793,128.759,124.034,126.514,Cru
1736,56.825,127.816,124.232,126.285,Cru
1737,56.857,127.32,124.273,126.639,Cru
1738,56.889,132.049,123.921,126.372,Cru
1739,56.921,133.515,123.862,127.124,Cru
1740,56.957,132.437,124.315,127.14,Cru
1741,56.989,127.502,124.16,126.487,Cru
1742,57.021,126.458,124.272,126.691,Cru
1743,57.053,131.897,124.216,126.91,Cru
1744,57.085,129.632,124.218,126.714,Cru
1745,57.117,128.746,123.987,126.784,Cru
1746,57.153,131.572,124.189,127.288,Cru
1747,57.185,127.067,124.131,126.727,Cru
1748,57.217,127.593,124.491,126.959,Cru
1749,57.249,126.861,124.364,126.589,Cru
1750,57.281,127.78,124.552,126.963,Cru
1751,57.317,128.49,124.43,126.762,Cru
1752,57.349,127.915,124.321,126.433,Cru
1753,57.381,127.731,124.053,126.501,Cru
1754,57.413,127.571,124.195,126.992,Cru
1755,57.445,126.101,124.328,126.874,Cru
1756,57.481,129.462,123.863,126.922,Cru
1757,57.513,129.385,123.823,127.268,Cru
1758,57.545,127.188,124.015,127.04,Cru
1759,57.577,124.678,124.403,126.729,Cru
1760,57.609,125.828,123.995,127.09,Cru
1761,57.641,124.279,124.107,126.61,Cru
1762,57.677,124.583,124.542,126.463,Cru
1763,57.709,122.196,124.037,126.989,Cru
1764,57.741,121.794,124.549,126.827,Cru
1765,57.773,123.742,124.86,126.895,Cru
1766,57.805,123.378,124.609,126.816,Cru
1767,57.841,124.783,124.78,126.785,Cru
1768,57.873,123.648,125.068,126.627,Cru
1769,57.905,122.931,124.597,126.806,Cru
1770,57.937,126.095,124.494,126.701,Cru
1771,57.969,128.26,124.556,126.552,Cru
1772,58.005,129.734,124.183,126.859,Cru
1773,58.037,128.92,124.319,126.513,Cru
1774,58.069,127.841,123.683,126.307,Cru
1775,58.101,123.858,123.805,126.644,Cru
1776,58.133,122.953,124.441,126.861,Cru
1777,58.165,126.065,123.852,127.236,Cru
1778,58.201,127.526,123.943,126.309,Cru
1779,58.233,125.098,123.853,126.725,Cru
1780,58.265,124.242,124.238,126.271,Cru
1781,58.297,125.493,124.219,126.465,Cru
1782,58.329,125.762,124.454,126.512,Cru
1783,58.365,120.877,124.61,127.282,Cru
1784,58.397,120.291,124.786,126.571,Cru
1785,58.429,123.01,124.332,127.148,Cru
1786,58.461,126.095,124.107,126.824,Cru
1787,58.493,126.687,123.684,126.743,Cru
1788,58.529,124.483,123.708,126.278,Cru
1789,58.561,123.458,123.799,127.116,Cru
1790,58.593,124.986,123.916,126.909,Cru
1791,58.625,126.583,123.803,127.083,Cru
1792,58.657,127.178,123.529,126.79,Cru
1793,58.689,126.384,123.978,126.438,Cru
1794,58.725,123.261,123.789,126.466,Cru
1795,58.757,124.399,123.682,126.686,Cru
1796,58.789,125.959,123.634,126.598,Cru
1797,58.821,125.296,123.4,126.597,Cru
1798,58.853,123.736,123.832,126.532,Cru
1799,58.889,120.24,124.314,126.228,Cru
1800,58.921,119.503,124.078,126.877,Cru
1801,58.953,120.433,124.458,126.955,Cru
1802,58.985,122.906,124.591,126.742,Cru
1803,59.017,124.153,124.388,126.686,Cru
1804,59.053,124.579,123.965,126.35,Cru
1805,59.085,124.053,123.818,126.619,Cru
1806,59.117,125.444,123.823,126.39,Cru
1807,59.149,126.969,123.754,125.98,Cru
1808,59.181,126.587,123.367,126.27,Cru
1809,59.213,125.015,123.253,126.233,Cru
1810,59.249,123.193,123.617,126.214,Cru
1811,59.281,123.15,123.671,126.002,Cru
1812,59.313,124.696,123.204,126.767,Cru
1813,59.345,123.921,123.621,126.867,Cru
1814,59.377,122.977,123.62,126.324,Cru
1815,59.413,120.575,123.608,126.748,Cru
1816,59.445,120.682,123.836,126.606,Cru
1817,59.477,120.886,123.908,126.571,Cru
1818,59.509,120.847,124.277,126.568,Cru
1819,59.541,119.421,124.156,126.346,Cru
1820,59.577,119.462,124.39,126.384,Cru
1821,59.609,121.783,124.319,126.545,Cru
1822,59.641,126.368,123.965,126.306,Cru
1823,59.673,129.113,123.93,125.986,Cru
1824,59.705,123.806,124.12,125.978,Cru
1825,59.737,123.872,124.358,126.271,Cru
1826,59.773,137.748,124.376,127.939,Cru
1827,59.805,142.71,124.102,126.661,Cru
1828,59.837,127.075,123.26,126.303,Cru
1829,59.869,123.443,123.75,126.442,Cru
1830,59.901,123.269,123.81,126.025,Cru
1831,59.937,126.125,123.968,126.024,Cru
1832,59.969,126.24,123.842,126.118,Cru
1833,60.001,126.95,123.426,126.049,Cru
1834,60.033,126.724,123.76,125.968,Cru
1835,60.065,124.779,123.937,126.22,Cru
1836,60.101,127.133,124.079,126.286,Cru
1837,60.133,128.318,124.01,126.214,Cru
1838,60.165,128.972,123.784,126.575,Cru
1839,60.197,127.476,123.895,126.207,Cru
1840,60.229,126.96,124.115,126.283,Cru
1841,60.261,128.424,123.787,126.114,Cru
1842,60.297,130.519,123.746,126.206,Cru
1843,60.329,129.714,123.584,126.495,Cru
1844,60.361,130.527,123.486,126.875,Cru
1845,60.393,127.188,124.039,126.947,Cru
1846,60.425,126.906,124.402,126.953,Cru
1847,60.461,125.12,124.36,127.182,Cru
1848,60.493,127.118,124.373,126.971,Cru
1849,60.525,127.31,124.236,126.613,Cru
1850,60.557,126.82,124.398,126.337,Cru
1851,60.589,124.708,124.585,126.802,Cru
1852,60.625,126.777,124.321,126.943,Cru
1853,60.657,129.0,124.37,127.036,Cru
1854,60.689,128.672,124.11,127.395,Cru
1855,60.721,128.094,124.565,126.985,Cru
1856,60.753,125.332,124.609,126.98,Cru
1857,60.785,126.839,124.687,127.16,Cru
1858,60.821,131.439,124.655,127.161,Cru
1859,60.853,134.877,124.643,127.774,Cru
1860,60.885,132.355,124.318,127.506,Cru
1861,60.917,131.596,124.479,127.292,Cru
1862,60.949,131.714,124.58,127.42,Cru
1863,60.985,133.313,125.153,128.018,Cru
1864,61.017,128.819,124.938,127.652,Cru
1865,61.049,128.461,124.96,128.016,Cru
1866,61.081,130.443,125.128,127.821,Cru
1867,61.113,131.722,124.831,127.902,Cru
1868,61.149,131.682,124.797,127.685,Cru
1869,61.181,128.461,125.055,127.462,Cru
1870,61.213,127.244,124.642,127.645,Cru
1871,61.245,131.641,125.433,127.439,Cru
1872,61.277,132.743,125.227,127.602,Cru
1873,61.309,129.409,125.397,127.511,Cru
1874,61.345,123.999,125.29,127.949,Cru
1875,61.377,126.465,125.262,127.526,Cru
1876,61.409,130.356,125.608,127.049,Cru
1877,61.441,130.634,125.295,126.887,Cru
1878,61.473,130.785,124.824,127.886,Cru
1879,61.509,129.955,125.025,127.135,Cru
1880,61.541,129.71,125.15,127.309,Cru
1881,61.573,132.549,125.0,127.959,Cru
1882,61.605,133.368,125.098,127.464,Cru
1883,61.637,132.673,124.782,127.287,Cru
1884,61.673,130.506,124.887,127.627,Cru
1885,61.705,130.803,125.186,126.97,Cru
1886,61.737,131.89,125.266,127.161,Cru
1887,61.769,132.81,125.079,127.551,Cru
1888,61.801,131.862,125.003,127.157,Cru
1889,61.833,132.069,124.674,127.281,Cru
1890,61.869,131.436,124.828,126.83,Cru
1891,61.901,129.449,124.722,127.524,Cru
1892,61.933,131.146,124.835,127.49,Cru
1893,61.965,133.633,125.029,127.078,Cru
1894,61.997,129.575,125.147,127.12,Cru
1895,62.033,127.763,125.036,127.439,Cru
1896,62.065,130.08,125.062,127.489,Cru
1897,62.097,131.297,125.325,128.021,Cru
1898,62.129,131.06,125.495,128.037,Cru
1899,62.161,131.671,125.463,128.023,Cru
1900,62.197,129.821,125.914,127.74,Cru
1901,62.229,130.694,126.115,127.751,Cru
1902,62.261,130.233,125.631,128.147,Cru
1903,62.293,130.326,125.691,128.236,Cru
1904,62.325,132.45,125.643,127.677,Cru
1905,62.357,130.122,124.955,127.475,Cru
1906,62.393,131.009,125.298,127.503,Cru
1907,62.425,133.368,125.143,128.031,Cru
1908,62.457,131.715,125.397,127.983,Cru
1909,62.489,130.431,125.467,127.859,Cru
1910,62.521,129.062,124.889,127.579,Cru
1911,62.557,131.098,125.316,127.835,Cru
1912,62.589,130.865,125.315,127.941,Cru
1913,62.621,145.071,126.455,129.876,Cru
1914,62.653,132.071,125.489,128.053,Cru
1915,62.685,132.164,125.948,127.908,Cru
1916,62.722,133.477,125.866,127.83,Cru
1917,62.753,132.862,125.448,128.008,Cru
1918,62.785,132.394,125.454,127.514,Cru
1919,62.817,132.973,125.062,127.895,Cru
1920,62.849,132.497,125.319,127.772,Cru
1921,62.881,130.082,125.403,127.477,Cru
1922,62.918,129.354,125.417,127.46,Cru
1923,62.949,128.672,125.326,127.452,Cru
1924,62.981,130.194,125.552,127.83,Cru
1925,63.013,130.165,125.549,127.907,Cru
1926,63.045,132.382,125.636,127.844,Cru
1927,63.081,131.401,125.462,127.496,Cru
1928,63.113,133.758,125.198,127.683,Cru
1929,63.145,136.895,125.1,127.729,Cru
1930,63.177,135.173,124.899,127.94,Cru
1931,63.209,132.566,125.289,128.171,Cru
1932,63.245,130.31,125.673,128.488,Cru
1933,63.277,131.349,126.348,128.639,Cru
1934,63.31,132.213,126.481,128.895,Cru
1935,63.342,131.705,127.032,128.424,Cru
1936,63.373,128.511,126.452,128.986,Cru
1937,63.405,127.596,126.017,129.019,Cru
1938,63.441,129.395,126.676,128.987,Cru
1939,63.473,130.103,126.234,129.184,Cru
1940,63.506,131.983,126.217,129.05,Cru
1941,63.537,132.321,126.305,128.709,Cru
1942,63.569,127.483,126.308,128.61,Cru
1943,63.605,124.853,127.073,128.853,Cru
1944,63.637,126.385,126.908,129.01,Cru
1945,63.669,129.891,126.996,129.221,Cru
1946,63.701,130.374,127.047,129.133,Cru
1947,63.733,129.819,126.595,128.505,Cru
1948,63.77,129.049,126.612,129.028,Cru
1949,63.801,130.901,126.796,129.006,Cru
1950,63.833,130.845,126.923,129.414,Cru
1951,63.865,132.667,127.224,129.006,Cru
1952,63.897,130.478,126.98,129.076,Cru
1953,63.929,129.287,126.482,128.865,Cru
1954,63.966,126.626,126.726,128.688,Cru
1955,63.997,129.871,126.838,129.072,Cru
1956,64.029,131.242,126.525,128.669,Cru
1957,64.061,130.434,126.615,128.992,Cru
1958,64.093,131.249,126.541,128.791,Cru
1959,64.129,130.65,126.592,128.889,Cru
1960,64.162,129.119,126.477,128.874,Cru
1961,64.193,129.009,126.957,129.252,Cru
1962,64.226,129.917,127.599,129.167,Cru
1963,64.258,134.638,126.955,130.045,Cru
1964,64.294,135.52,127.14,129.56,Cru
1965,64.326,135.056,127.11,130.052,Cru
1966,64.357,124.983,126.716,129.088,Cru
1967,64.389,127.773,126.825,129.144,Cru
1968,64.421,131.003,127.298,129.927,Cru
1969,64.453,131.132,127.528,129.656,Cru
1970,64.489,127.157,127.805,129.862,Cru
1971,64.521,126.695,127.745,129.55,Cru
1972,64.553,129.317,127.549,129.219,Cru
1973,64.585,134.06,127.75,129.403,Cru
1974,64.617,131.347,127.485,129.31,Cru
1975,64.653,130.146,127.06,129.286,Cru
1976,64.685,130.04,127.291,129.241,Cru
1977,64.717,130.78,127.326,129.423,Cru
1978,64.749,130.446,127.455,129.468,Cru
1979,64.781,132.431,127.531,128.956,Cru
1980,64.818,129.232,127.198,129.388,Cru
1981,64.849,127.953,127.532,129.098,Cru
1982,64.881,130.03,128.088,129.493,Cru
1983,64.913,131.255,127.985,129.884,Cru
1984,64.945,130.905,128.047,128.999,Cru
1985,64.978,131.196,127.529,129.079,Cru
1986,65.014,129.871,127.773,129.345,Cru
1987,65.046,131.004,127.904,129.351,Cru
1988,65.077,134.101,127.838,129.421,Cru
1989,65.11,138.105,127.44,129.456,Cru
1990,65.142,136.925,127.158,129.147,Cru
1991,65.177,134.901,127.008,129.321,Cru
1992,65.209,132.627,127.495,129.26,Cru
1993,65.241,131.177,127.043,128.939,Cru
1994,65.273,132.915,127.796,128.877,Cru
1995,65.306,133.38,127.423,129.463,Cru
1996,65.342,132.905,128.076,128.976,Cru
1997,65.374,134.183,127.93,129.473,Cru
1998,65.406,136.056,128.18,129.385,Cru
1999,65.437,134.318,127.987,129.507,Cru
2000,65.469,134.268,127.661,129.17,Cru
2001,65.502,134.45,128.22,130.003,Cru
2002,65.538,134.493,128.344,129.364,Cru
2003,65.57,136.429,128.01,129.742,Cru
2004,65.601,134.065,127.956,129.676,Cru
2005,65.634,127.741,128.052,129.574,Cru
2006,65.666,130.368,128.038,129.648,Cru
2007,65.701,135.153,127.968,129.588,Cru
2008,65.734,136.251,127.581,129.971,Cru
2009,65.766,136.271,127.673,129.425,Cru
2010,65.797,134.032,127.463,128.984,Cru
2011,65.829,132.152,127.323,129.014,Cru
2012,65.866,133.137,127.424,129.226,Cru
2013,65.898,134.134,127.662,129.36,Cru
2014,65.929,131.185,127.807,129.142,Cru
2015,65.962,128.598,127.781,129.084,Cru
2016,65.993,128.454,127.823,129.353,Cru
2017,66.026,132.11,127.922,129.518,Cru
2018,66.062,134.055,127.837,129.63,Cru
2019,66.094,136.181,127.674,129.406,Cru
2020,66.126,133.224,127.834,129.166,Cru
2021,66.158,131.159,127.605,129.24,Cru
2022,66.19,130.82,128.002,129.525,Cru
2023,66.226,132.982,128.095,129.429,Cru
2024,66.258,133.89,127.811,129.596,Cru
2025,66.29,133.95,127.667,128.806,Cru
2026,66.322,133.715,127.613,129.03,Cru
2027,66.354,130.316,127.635,129.139,Cru
2028,66.39,132.262,127.977,129.393,Cru
2029,66.422,132.36,128.367,130.083,Cru
2030,66.454,134.215,128.691,129.312,Cru
2031,66.485,130.699,128.518,129.865,Cru
2032,66.518,128.858,128.739,129.462,Cru
2033,66.549,127.931,129.041,129.557,Cru
2034,66.586,128.616,129.103,130.082,Cru
2035,66.618,130.072,129.624,130.195,Cru
2036,66.65,132.955,129.27,130.31,Cru
2037,66.682,131.318,129.436,130.093,Cru
2038,66.714,128.46,129.582,128.915,Cru
2039,66.75,127.329,129.513,128.909,Cru
2040,66.782,129.493,129.406,129.83,Cru
2041,66.813,132.712,128.987,130.09,Cru
2042,66.846,130.413,128.973,129.202,Cru
2043,66.878,131.041,128.659,129.355,Cru
2044,66.914,133.003,128.328,129.2,Cru
2045,66.946,134.724,127.771,128.912,Cru
2046,66.978,135.687,127.559,128.875,Cru
2047,67.01,137.347,127.972,129.371,Cru
2048,67.042,138.569,128.609,129.297,Cru
2049,67.074,136.083,128.494,129.474,Cru
2050,67.11,129.549,128.737,129.725,Cru
2051,67.142,133.938,129.088,129.399,Cru
2052,67.174,133.162,128.97,129.813,Cru
2053,67.206,134.774,128.5,129.927,Cru
2054,67.238,134.145,128.661,129.361,Cru
2055,67.274,129.375,128.59,129.48,Cru
2056,67.306,130.658,128.795,129.284,Cru
2057,67.338,131.686,129.44,130.206,Cru
2058,67.37,132.814,129.959,130.274,Cru
2059,67.402,132.026,129.576,130.078,Cru
2060,67.438,130.379,129.754,129.933,Cru
2061,67.47,129.874,129.009,129.394,Cru
2062,67.502,130.404,129.301,129.643,Cru
2063,67.534,135.08,129.449,129.767,Cru
2064,67.566,135.931,129.287,129.876,Cru
2065,67.598,136.18,128.714,129.744,Cru
2066,67.634,132.803,129.019,129.222,Cru
2067,67.666,131.08,129.325,128.995,Cru
2068,67.698,132.382,129.017,129.186,Cru
2069,67.73,135.631,128.938,129.99,Cru
2070,67.762,137.887,129.513,129.717,Cru
2071,67.798,137.111,129.199,129.927,Cru
2072,67.83,136.318,129.224,129.861,Cru
2073,67.862,134.042,129.68,129.419,Cru
2074,67.894,133.302,129.343,129.897,Cru
2075,67.926,133.806,130.057,130.152,Cru
2076,67.962,134.683,130.069,130.038,Cru
2077,67.994,135.572,129.818,129.935,Cru
2078,68.026,132.16,129.666,129.86,Cru
2079,68.058,126.553,129.99,129.471,Cru
2080,68.09,131.692,129.612,130.065,Cru
2081,68.122,135.179,129.241,129.918,Cru
2082,68.158,136.215,128.856,130.064,Cru
2083,68.19,135.653,128.887,129.729,Cru
2084,68.222,133.671,129.005,129.752,Cru
2085,68.254,130.78,129.273,129.452,Cru
2086,68.286,130.526,129.602,129.663,Cru
2087,68.322,130.305,129.508,129.847,Cru
2088,68.354,133.129,129.189,129.407,Cru
2089,68.386,133.181,129.142,129.681,Cru
2090,68.418,133.335,129.522,129.806,Cru
2091,68.45,135.885,129.236,130.583,Cru
2092,68.486,138.751,129.103,130.033,Cru
2093,68.518,139.776,129.196,129.883,Cru
2094,68.55,137.78,129.217,130.117,Cru
2095,68.582,131.077,129.778,130.176,Cru
2096,68.614,134.196,129.904,130.355,Cru
2097,68.646,135.994,130.561,130.566,Cru
2098,68.682,136.014,130.386,130.923,Cru
2099,68.714,135.775,130.059,130.696,Cru
2100,68.746,133.014,130.727,130.559,Cru
2101,68.778,131.689,130.472,131.11,Cru
2102,68.81,131.551,130.838,130.982,Cru
2103,68.846,131.503,130.849,130.785,Cru
2104,68.878,133.713,130.75,130.801,Cru
2105,68.91,132.978,130.505,131.403,Cru
2106,68.942,133.2,130.001,130.802,Cru
2107,68.974,135.195,129.466,131.214,Cru
2108,69.01,138.891,129.829,130.928,Cru
2109,69.042,139.834,129.804,130.987,Cru
2110,69.074,135.299,129.933,130.942,Cru
2111,69.106,134.269,130.522,130.779,Cru
2112,69.138,131.417,131.692,131.471,Cru
2113,69.17,132.786,131.836,131.747,Cru
2114,69.206,134.747,132.067,131.325,Cru
2115,69.238,133.536,131.743,131.153,Cru
2116,69.27,131.908,132.016,131.623,Cru
2117,69.302,132.187,131.844,131.229,Cru
2118,69.334,135.057,131.279,131.61,Cru
2119,69.37,136.484,131.491,132.067,Cru
2120,69.402,134.055,131.623,131.412,Cru
2121,69.434,133.816,131.7,131.554,Cru
2122,69.466,134.585,131.617,131.56,Cru
2123,69.498,138.835,131.563,131.817,Cru
2124,69.534,140.046,131.254,132.487,Cru
2125,69.566,135.544,131.525,131.787,Cru
2126,69.598,137.405,131.538,132.153,Cru
2127,69.63,136.334,132.111,132.029,Cru
2128,69.662,136.699,131.805,132.065,Cru
2129,69.694,136.207,132.177,132.339,Cru
2130,69.73,135.993,131.91,132.092,Cru
2131,69.762,134.494,132.019,132.181,Cru
2132,69.794,135.911,132.28,132.226,Cru
2133,69.826,134.087,132.05,132.281,Cru
2134,69.858,131.229,131.505,132.25,Cru
2135,69.894,130.723,131.77,132.285,Cru
2136,69.926,131.332,131.895,132.073,Cru
2137,69.958,135.999,131.59,132.041,Cru
2138,69.99,137.959,131.478,131.94,Cru
2139,70.022,135.651,131.114,132.126,Cru
2140,70.058,133.117,131.22,131.724,Cru
2141,70.09,134.816,132.035,132.051,Cru
2142,70.122,133.255,131.408,131.932,Cru
2143,70.154,135.832,131.599,131.976,Cru
2144,70.186,138.43,131.278,132.304,Cru
2145,70.218,137.612,131.498,132.554,Cru
2146,70.254,130.401,131.859,131.45,Cru
2147,70.286,132.102,132.266,132.052,Cru
2148,70.318,135.637,131.936,132.17,Cru
2149,70.35,138.347,131.609,132.217,Cru
2150,70.382,135.821,131.478,132.239,Cru
2151,70.418,133.682,131.73,132.263,Cru
2152,70.45,134.551,131.697,132.193,Cru
2153,70.482,134.855,131.306,131.533,Cru
2154,70.514,136.867,130.701,131.384,Cru
2155,70.546,137.279,130.98,131.487,Cru
2156,70.582,139.578,130.595,131.623,Cru
2157,70.614,140.56,130.421,131.243,Cru
2158,70.646,137.201,130.403,131.052,Cru
2159,70.678,128.411,131.043,131.173,Cru
2160,70.71,129.009,131.518,131.924,Cru
2161,70.742,130.906,131.457,131.92,Cru
2162,70.778,133.438,131.632,131.674,Cru
2163,70.81,134.026,132.074,131.712,Cru
2164,70.842,136.367,131.75,132.054,Cru
2165,70.874,137.017,131.473,132.075,Cru
2166,70.906,134.56,131.252,132.615,Cru
2167,70.942,138.487,131.519,131.846,Cru
2168,70.974,138.438,131.164,132.061,Cru
2169,71.006,139.289,130.832,131.549,Cru
2170,71.038,134.686,130.85,130.665,Cru
2171,71.07,132.54,131.183,131.271,Cru
2172,71.106,133.557,131.131,131.31,Cru
2173,71.138,134.514,130.927,130.976,Cru
2174,71.17,137.659,130.598,130.996,Cru
2175,71.202,136.731,130.256,131.223,Cru
2176,71.234,135.004,130.614,131.14,Cru
2177,71.266,132.607,130.429,131.31,Cru
2178,71.302,136.326,131.158,131.459,Cru
2179,71.334,138.042,131.137,131.586,Cru
2180,71.366,136.333,131.439,131.737,Cru
2181,71.398,130.871,131.145,131.499,Cru
2182,71.43,126.846,131.967,131.35,Cru
2183,71.466,130.146,131.472,131.627,Cru
2184,71.498,133.026,131.274,131.382,Cru
2185,71.53,133.736,130.753,131.391,Cru
2186,71.562,131.385,130.762,131.596,Cru
2187,71.594,133.887,130.987,131.245,Cru
2188,71.63,133.591,131.063,131.604,Cru
2189,71.662,134.928,131.067,131.489,Cru
2190,71.694,131.823,131.181,131.217,Cru
2191,71.726,128.408,131.141,131.426,Cru
2192,71.758,129.364,131.45,131.376,Cru
2193,71.79,134.609,131.114,131.522,Cru
2194,71.826,137.056,131.05,131.648,Cru
2195,71.858,136.8,131.062,131.033,Cru
2196,71.89,134.996,130.819,131.215,Cru
2197,71.922,132.788,131.038,131.316,Cru
2198,71.954,133.664,131.17,131.643,Cru
2199,71.99,134.982,131.506,131.497,Cru
2200,72.022,132.656,131.508,131.568,Cru
2201,72.054,130.551,131.377,131.563,Cru
2202,72.086,128.425,131.613,131.515,Cru
2203,72.118,132.276,131.603,131.736,Cru
2204,72.154,132.98,131.63,131.847,Cru
2205,72.186,134.582,131.172,131.851,Cru
2206,72.218,129.191,131.334,131.254,Cru
2207,72.25,128.118,131.52,131.918,Cru
2208,72.282,127.241,131.934,131.815,Cru
2209,72.314,129.526,132.305,132.105,Cru
2210,72.35,131.946,132.236,132.184,Cru
2211,72.382,133.491,131.661,132.515,Cru
2212,72.414,129.761,131.487,132.413,Cru
2213,72.446,130.181,131.448,132.406,Cru
2214,72.478,129.096,132.085,132.329,Cru
2215,72.514,131.97,132.218,132.552,Cru
2216,72.546,135.359,132.237,132.577,Cru
2217,72.578,130.904,131.832,132.307,Cru
2218,72.61,131.47,131.703,131.652,Cru
2219,72.642,131.624,131.755,131.549,Cru
2220,72.678,132.661,131.704,131.747,Cru
2221,72.71,135.731,131.719,131.83,Cru
2222,72.742,133.811,131.691,131.88,Cru
2223,72.774,131.142,131.637,131.626,Cru
2224,72.806,132.351,131.049,132.411,Clara
2225,72.838,131.239,131.223,131.295,Clara
2226,72.874,129.909,131.168,131.84,Clara
2227,72.906,131.333,131.75,131.446,Clara
2228,72.938,133.063,131.643,131.917,Clara
2229,72.97,134.502,131.505,132.245,Clara
2230,73.002,131.558,131.332,131.908,Clara
2231,73.038,131.548,131.562,132.236,Clara
2232,73.07,132.233,131.641,131.337,Clara
2233,73.102,135.697,131.407,131.854,Clara
2234,73.134,133.042,131.671,131.572,Clara
2235,73.166,133.128,131.283,131.461,Clara
2236,73.202,130.919,131.552,131.669,Clara
2237,73.234,128.026,131.196,131.382,Clara
2238,73.266,126.594,131.261,131.245,Clara
2239,73.298,126.581,131.748,131.472,Clara
2240,73.33,132.024,131.427,131.817,Clara
2241,73.362,129.043,131.489,131.858,Clara
2242,73.398,127.913,131.722,132.002,Clara
2243,73.43,128.324,131.791,131.768,Clara
2244,73.462,128.882,131.787,131.893,Clara
2245,73.494,129.405,131.564,131.782,Clara
2246,73.526,125.851,131.867,132.046,Clara
2247,73.562,123.999,131.586,131.475,Clara
2248,73.594,123.151,131.613,131.173,Clara
2249,73.626,127.785,131.869,131.555,Clara
2250,73.658,130.486,131.765,131.623,Clara
2251,73.69,131.81,131.33,131.435,Clara
2252,73.726,128.912,131.137,131.158,Clara
2253,73.758,127.447,131.229,131.095,Clara
2254,73.79,128.872,131.376,131.297,Clara
2255,73.822,131.926,131.027,131.472,Clara
2256,73.854,132.725,131.144,131.356,Clara
2257,73.886,133.146,131.186,131.333,Clara
2258,73.922,131.395,131.077,131.329,Clara
2259,73.954,131.169,131.254,131.574,Clara
2260,73.986,128.095,131.445,131.803,Clara
2261,74.018,122.075,131.563,131.533,Clara
2262,74.05,123.376,132.085,132.268,Clara
2263,74.086,128.934,132.18,132.039,Clara
2264,74.118,125.549,131.248,131.785,Clara
2265,74.15,123.968,131.373,131.663,Clara
2266,74.182,124.734,131.648,131.514,Clara
2267,74.214,128.757,132.221,132.025,Clara
2268,74.25,127.222,131.991,131.74,Clara
2269,74.282,127.621,131.94,131.633,Clara
2270,74.314,129.446,131.707,131.763,Clara
2271,74.346,130.081,131.494,131.794,Clara
2272,74.378,131.628,130.955,131.859,Clara
2273,74.41,131.917,131.249,131.602,Clara
2274,74.446,131.721,131.622,131.952,Clara
2275,74.478,129.942,131.472,131.513,Clara
2276,74.51,130.081,131.419,131.642,Clara
2277,74.542,122.445,131.537,131.893,Clara
2278,74.574,124.722,132.161,131.834,Clara
2279,74.61,129.582,131.752,132.072,Clara
2280,74.642,130.696,132.23,131.773,Clara
2281,74.674,130.641,131.668,132.131,Clara
2282,74.706,126.828,131.388,132.441,Clara
2283,74.738,126.404,131.768,132.031,Clara
2284,74.774,130.437,131.705,131.698,Clara
2285,74.806,132.1,131.973,131.738,Clara
2286,74.838,131.843,131.628,131.567,Clara
2287,74.87,131.686,131.317,131.87,Clara
2288,74.902,128.299,131.093,131.43,Clara
2289,74.934,133.322,131.361,131.845,Clara
2290,74.97,133.431,131.374,131.7,Clara
2291,75.002,135.799,131.107,131.247,Clara
2292,75.034,130.506,131.354,130.994,Clara
2293,75.066,125.491,130.754,130.872,Clara
2294,75.098,128.033,130.929,130.63,Clara
2295,75.134,130.062,131.299,131.286,Clara
2296,75.166,128.091,130.699,130.86,Clara
2297,75.198,126.714,130.588,130.513,Clara
2298,75.23,123.285,130.657,130.436,Clara
2299,75.262,121.009,130.849,130.524,Clara
2300,75.298,126.541,130.993,130.876,Clara
2301,75.33,133.129,130.467,130.864,Clara
2302,75.362,129.436,129.885,130.83,Clara
2303,75.394,126.361,130.312,130.34,Clara
2304,75.426,125.334,130.824,130.547,Clara
2305,75.458,126.224,130.935,130.731,Clara
2306,75.494,125.102,131.14,130.617,Clara
2307,75.526,125.479,131.423,130.626,Clara
2308,75.558,127.081,131.106,130.494,Clara
2309,75.59,130.124,130.995,130.253,Clara
2310,75.622,130.443,130.733,130.331,Clara
2311,75.658,132.325,130.425,130.538,Clara
2312,75.69,131.576,130.517,130.637,Clara
2313,75.722,134.088,130.602,130.276,Clara
2314,75.754,134.624,131.056,130.098,Clara
2315,75.786,133.102,130.774,130.502,Clara
2316,75.822,130.856,130.763,130.34,Clara
2317,75.854,122.285,130.733,130.136,Clara
2318,75.886,123.268,130.858,130.262,Clara
2319,75.918,129.652,130.58,130.555,Clara
2320,75.95,126.202,131.142,129.993,Clara
2321,75.982,122.953,131.025,130.337,Clara
2322,76.018,122.085,130.788,130.131,Clara
2323,76.05,126.754,131.083,130.922,Clara
2324,76.082,126.701,131.367,130.999,Clara
2325,76.114,128.499,131.371,130.816,Clara
2326,76.146,128.156,131.418,130.86,Clara
2327,76.182,123.755,131.09,130.705,Clara
2328,76.214,125.856,131.329,130.765,Clara
2329,76.246,128.23,131.678,131.378,Clara
2330,76.278,129.143,131.484,131.479,Clara
2331,76.31,127.178,130.869,130.481,Clara
2332,76.346,116.547,130.608,130.321,Clara
2333,76.378,119.873,130.958,130.798,Clara
2334,76.41,123.506,131.456,131.441,Clara
2335,76.442,127.72,131.77,131.573,Clara
2336,76.474,127.394,131.077,130.997,Clara
2337,76.506,123.672,130.567,130.39,Clara
2338,76.542,128.419,130.343,130.736,Clara
2339,76.574,125.81,130.709,131.014,Clara
2340,76.606,127.865,130.898,130.761,Clara
2341,76.638,125.817,130.615,130.337,Clara
2342,76.67,124.639,130.357,130.327,Clara
2343,76.706,124.642,130.661,130.559,Clara
2344,76.738,123.17,130.509,130.028,Clara
2345,76.77,122.592,130.888,130.246,Clara
2346,76.802,125.276,131.484,130.174,Clara
2347,76.834,127.209,131.238,130.386,Clara
2348,76.87,123.871,130.877,130.166,Clara
2349,76.902,120.045,130.64,129.796,Clara
2350,76.934,121.392,130.358,129.497,Clara
2351,76.966,125.469,130.973,130.087,Clara
2352,76.998,129.09,130.678,129.998,Clara
2353,77.03,129.937,130.381,129.522,Clara
2354,77.066,128.105,130.083,129.209,Clara
2355,77.098,124.22,129.602,128.714,Clara
2356,77.13,121.491,129.29,128.691,Clara
2357,77.162,126.026,130.221,128.882,Clara
2358,77.194,129.034,129.933,129.04,Clara
2359,77.23,130.969,129.574,129.12,Clara
2360,77.262,128.715,129.642,128.791,Clara
2361,77.294,119.761,129.618,128.736,Clara
2362,77.326,116.44,129.525,128.972,Clara
2363,77.358,118.765,130.035,128.765,Clara
2364,77.394,121.17,130.411,128.727,Clara
2365,77.426,122.04,130.024,128.851,Clara
2366,77.458,116.801,130.281,128.773,Clara
2367,77.49,116.868,130.172,128.981,Clara
2368,77.522,114.784,130.462,129.159,Clara
2369,77.554,119.543,130.191,129.168,Clara
2370,77.59,122.419,130.156,129.307,Clara
2371,77.622,124.512,129.78,129.404,Clara
2372,77.654,121.978,129.93,129.058,Clara
2373,77.686,122.99,130.396,129.179,Clara
2374,77.718,124.84,130.584,129.502,Clara
2375,77.754,124.288,130.569,128.89,Clara
2376,77.786,124.804,129.772,128.926,Clara
2377,77.818,124.284,129.748,128.961,Clara
2378,77.85,120.291,130.323,129.141,Clara
2379,77.882,122.686,130.697,129.282,Clara
2380,77.918,125.75,130.747,129.812,Clara
2381,77.95,125.766,130.644,129.922,Clara
2382,77.982,118.893,130.382,129.431,Clara
2383,78.014,117.14,130.322,129.273,Clara
2384,78.046,122.08,130.838,129.508,Clara
2385,78.078,122.473,130.87,129.785,Clara
2386,78.114,121.954,130.866,130.154,Clara
2387,78.146,121.769,131.064,129.98,Clara
2388,78.178,121.122,130.889,130.142,Clara
2389,78.21,121.755,130.622,130.468,Clara
2390,78.242,122.734,131.107,130.342,Clara
2391,78.278,126.436,131.374,130.222,Clara
2392,78.31,130.38,131.179,130.339,Clara
2393,78.342,129.777,130.703,129.943,Clara
2394,78.374,119.308,130.166,129.585,Clara
2395,78.406,120.424,130.545,129.376,Clara
2396,78.442,123.272,131.004,130.084,Clara
2397,78.474,126.512,130.897,130.666,Clara
2398,78.506,121.741,131.076,130.203,Clara
2399,78.538,115.032,130.993,130.387,Clara
2400,78.57,114.264,131.593,130.32,Clara
2401,78.602,122.188,131.505,130.924,Clara
2402,78.638,127.971,131.488,130.504,Clara
2403,78.67,127.186,131.16,130.594,Clara
2404,78.702,127.555,130.816,130.573,Clara
2405,78.734,128.284,130.852,130.195,Clara
2406,78.766,124.154,131.095,130.615,Clara
2407,78.802,124.766,131.439,130.525,Clara
2408,78.834,126.152,131.355,130.393,Clara
2409,78.866,125.105,131.659,130.151,Clara
2410,78.898,117.948,130.759,130.173,Clara
2411,78.93,117.286,131.364,130.057,Clara
2412,78.966,117.788,131.596,130.565,Clara
2413,78.998,117.97,131.737,130.076,Clara
2414,79.03,122.087,131.516,130.633,Clara
2415,79.062,118.743,131.421,130.46,Clara
2416,79.094,113.485,130.91,129.695,Clara
2417,79.126,115.549,131.668,130.393,Clara
2418,79.162,117.77,131.296,130.053,Clara
2419,79.194,122.065,131.424,130.527,Clara
2420,79.226,124.362,131.537,130.857,Clara
2421,79.258,124.269,131.097,130.91,Clara
2422,79.29,121.422,131.13,130.58,Clara
2423,79.326,121.285,131.272,130.043,Clara
2424,79.358,124.674,130.961,130.399,Clara
2425,79.39,128.408,130.927,129.932,Clara
2426,79.422,124.951,131.103,130.453,Clara
2427,79.454,122.625,131.269,130.282,Clara
2428,79.49,121.412,131.355,130.369,Clara
2429,79.522,120.303,131.14,130.324,Clara
2430,79.554,122.143,131.481,130.097,Clara
2431,79.586,125.287,131.23,130.031,Clara
2432,79.618,117.429,131.058,129.246,Clara
2433,79.65,113.982,130.887,129.67,Clara
2434,79.686,116.092,130.902,130.224,Clara
2435,79.718,119.747,131.594,130.183,Clara
2436,79.75,117.765,130.434,130.024,Clara
2437,79.782,118.478,130.978,130.021,Clara
2438,79.814,118.308,131.139,129.941,Clara
2439,79.85,121.812,131.28,130.097,Clara
2440,79.882,125.401,131.73,130.327,Clara
2441,79.914,127.255,131.117,130.099,Clara
2442,79.946,124.534,131.133,130.375,Clara
2443,79.978,121.628,131.049,130.427,Clara
2444,80.014,119.172,131.214,130.323,Clara
2445,80.046,123.321,131.975,130.013,Clara
2446,80.078,124.808,131.711,130.85,Clara
2447,80.11,121.475,131.787,130.373,Clara
2448,80.142,117.665,131.185,130.361,Clara
2449,80.174,115.979,130.961,130.045,Clara
2450,80.21,115.728,131.232,130.149,Clara
2451,80.242,118.854,130.864,131.11,Clara
2452,80.274,120.926,131.253,130.64,Clara
2453,80.306,123.317,131.354,131.199,Clara
2454,80.338,116.685,130.897,130.418,Clara
2455,80.374,113.218,131.04,130.174,Clara
2456,80.406,121.004,131.144,130.399,Clara
2457,80.438,125.117,131.317,130.244,Clara
2458,80.47,125.171,131.384,130.653,Clara
2459,80.502,124.124,131.751,130.811,Clara
2460,80.538,120.972,130.897,130.194,Clara
2461,80.57,111.513,130.594,130.017,Clara
2462,80.602,115.99,131.266,130.153,Clara
2463,80.634,123.207,131.719,130.366,Clara
2464,80.666,122.792,131.52,130.35,Clara
2465,80.698,126.169,131.659,129.856,Clara
2466,80.734,120.999,131.11,130.061,Clara
2467,80.766,117.395,130.923,129.556,Clara
2468,80.798,116.16,131.545,129.819,Clara
2469,80.83,118.69,131.847,129.828,Clara
2470,80.862,118.412,131.885,130.122,Clara
2471,80.898,118.546,131.845,129.932,Clara
2472,80.93,117.797,131.584,130.511,Clara
2473,80.962,116.934,131.684,130.538,Clara
2474,80.994,118.931,131.646,130.509,Clara
2475,81.026,127.673,132.11,131.399,Clara
2476,81.062,120.599,132.008,130.518,Clara
2477,81.094,116.039,131.395,130.328,Clara
2478,81.126,114.991,131.092,130.336,Clara
2479,81.158,119.194,131.733,129.909,Clara
2480,81.19,117.484,131.445,130.452,Clara
2481,81.222,117.103,131.315,130.6,Clara
2482,81.258,112.222,131.873,130.314,Clara
2483,81.29,116.126,132.096,130.614,Clara
2484,81.322,120.795,132.257,131.021,Clara
2485,81.354,123.838,131.595,130.548,Clara
2486,81.386,119.263,130.677,130.27,Clara
2487,81.422,114.098,130.925,129.415,Clara
2488,81.454,120.531,130.987,130.08,Clara
2489,81.486,125.08,131.185,130.42,Clara
2490,81.518,120.986,131.356,129.851,Clara
2491,81.55,115.953,130.782,129.821,Clara
2492,81.586,117.065,131.172,129.571,Clara
2493,81.618,120.831,131.078,130.547,Clara
2494,81.65,124.75,130.891,130.042,Clara
2495,81.682,123.757,130.964,129.561,Clara
2496,81.714,115.011,130.855,129.696,Clara
2497,81.746,112.391,131.302,129.777,Clara
2498,81.782,113.417,131.379,129.845,Clara
2499,81.814,113.409,131.711,129.587,Clara
2500,81.846,112.127,131.516,130.182,Clara
2501,81.878,111.471,131.997,129.665,Clara
2502,81.91,113.575,132.167,129.804,Clara
2503,81.946,111.223,131.669,129.898,Clara
2504,81.978,113.69,132.048,129.904,Clara
2505,82.01,113.858,131.676,129.818,Clara
2506,82.042,118.714,131.909,129.816,Clara
2507,82.074,117.546,131.458,129.484,Clara
2508,82.11,112.874,130.86,129.965,Clara
2509,82.142,113.858,131.027,129.741,Clara
2510,82.174,118.543,131.339,129.608,Clara
2511,82.206,119.235,130.914,129.879,Clara
2512,82.238,118.191,131.293,130.05,Clara
2513,82.27,121.638,132.006,130.558,Clara
2514,82.306,117.666,131.901,130.881,Clara
2515,82.338,115.788,132.218,130.687,Clara
2516,82.37,115.226,132.447,130.121,Clara
2517,82.402,114.496,132.206,130.657,Clara
2518,82.434,113.917,132.031,130.427,Clara
2519,82.47,111.696,131.87,130.454,Clara
2520,82.502,113.366,132.084,130.822,Clara
2521,82.534,116.383,132.041,130.29,Clara
2522,82.566,118.034,132.27,130.439,Clara
2523,82.598,121.428,131.454,130.49,Clara
2524,82.634,112.466,131.43,130.075,Clara
2525,82.666,114.434,131.553,130.412,Clara
2526,82.698,116.843,132.096,130.775,Clara
2527,82.73,113.827,131.911,130.745,Clara
2528,82.762,114.555,131.656,130.53,Clara
2529,82.794,110.464,131.567,130.905,Clara
2530,82.83,112.028,132.12,130.394,Clara
2531,82.862,117.164,132.476,131.027,Clara
2532,82.894,120.214,132.59,130.954,Clara
2533,82.926,119.049,131.827,131.132,Clara
2534,82.958,115.505,131.455,131.129,Clara
2535,82.994,108.829,132.054,130.799,Clara
2536,83.026,112.837,132.291,131.367,Clara
2537,83.058,119.421,132.454,131.249,Clara
2538,83.09,118.285,132.32,131.531,Clara
2539,83.122,113.866,131.945,131.015,Clara
2540,83.158,108.61,131.921,131.036,Clara
2541,83.19,110.457,132.299,131.146,Clara
2542,83.222,116.071,132.532,131.368,Clara
2543,83.254,120.403,132.686,131.644,Clara
2544,83.286,115.082,132.566,131.54,Clara
2545,83.318,110.263,132.355,130.909,Clara
2546,83.354,110.068,132.163,131.153,Clara
2547,83.386,112.786,132.61,131.338,Clara
2548,83.418,116.334,132.422,131.09,Clara
2549,83.45,120.479,132.117,131.219,Clara
2550,83.482,118.533,131.358,131.102,Clara
2551,83.518,115.477,131.891,131.039,Clara
2552,83.55,116.646,132.272,131.426,Clara
2553,83.582,119.108,132.642,131.769,Clara
2554,83.614,121.405,132.209,132.215,Clara
2555,83.646,118.763,131.788,132.046,Clara
2556,83.682,118.049,132.231,132.044,Clara
2557,83.714,116.911,133.02,132.122,Clara
2558,83.746,118.378,133.074,132.199,Clara
2559,83.778,119.6,133.134,131.992,Clara
2560,83.81,115.702,132.548,131.903,Clara
2561,83.842,111.504,132.52,131.166,Clara
2562,83.878,109.922,132.894,131.164,Clara
2563,83.91,112.511,132.944,131.753,Clara
2564,83.942,114.4,132.515,130.975,Clara
2565,83.974,115.91,132.479,131.563,Clara
2566,84.006,117.248,132.594,131.67,Clara
2567,84.042,112.315,132.816,131.092,Clara
2568,84.074,118.066,132.731,131.407,Clara
2569,84.106,121.782,132.697,131.447,Clara
2570,84.138,118.901,132.306,131.355,Clara
2571,84.17,112.87,131.748,130.831,Clara
2572,84.206,111.929,132.288,130.869,Clara
2573,84.238,118.325,132.513,131.814,Clara
2574,84.27,117.009,132.52,132.05,Clara
2575,84.302,118.888,132.123,132.056,Clara
2576,84.334,113.092,131.912,131.608,Clara
2577,84.366,109.448,132.559,131.694,Clara
2578,84.402,110.087,133.159,131.772,Clara
2579,84.434,109.806,133.141,132.001,Clara
2580,84.466,108.536,132.965,131.762,Clara
2581,84.498,103.875,132.365,131.597,Clara
2582,84.53,100.94,132.364,131.42,Clara
2583,84.566,107.004,133.539,131.36,Clara
2584,84.598,116.347,133.646,131.468,Clara
2585,84.63,114.156,133.667,131.67,Clara
2586,84.662,116.689,132.661,131.873,Clara
2587,84.694,114.747,132.922,131.456,Clara
2588,84.73,116.037,133.081,131.959,Clara
2589,84.762,121.84,133.051,132.122,Clara
2590,84.794,118.677,132.557,132.115,Clara
2591,84.826,118.267,133.17,132.212,Clara
2592,84.858,119.098,133.072,131.666,Clara
2593,84.89,114.967,132.543,131.546,Clara
2594,84.926,113.088,132.322,131.867,Clara
2595,84.958,117.021,132.501,132.264,Clara
2596,84.99,117.561,133.228,132.448,Clara
2597,85.022,113.864,132.617,131.733,Clara
2598,85.054,110.976,132.563,131.667,Clara
2599,85.09,110.229,132.894,131.681,Clara
2600,85.122,112.654,133.675,132.04,Clara
2601,85.154,114.697,133.497,131.986,Clara
2602,85.186,114.901,133.193,131.477,Clara
2603,85.218,109.119,132.572,131.066,Clara
2604,85.254,111.274,132.698,131.026,Clara
2605,85.286,113.027,133.338,131.558,Clara
2606,85.318,117.856,133.002,131.936,Clara
2607,85.35,115.694,132.379,131.448,Clara
2608,85.382,114.76,132.264,131.229,Clara
2609,85.414,114.256,132.666,131.511,Clara
2610,85.45,119.526,133.116,131.804,Clara
2611,85.482,121.36,133.151,132.011,Clara
2612,85.514,118.622,133.175,132.005,Clara
2613,85.546,113.413,132.729,131.682,Clara
2614,85.578,112.324,132.716,131.399,Clara
2615,85.614,120.026,132.64,131.674,Clara
2616,85.646,134.497,133.044,132.241,Clara
2617,85.678,122.247,133.263,132.252,Clara
2618,85.71,115.47,133.393,131.596,Clara
2619,85.742,110.432,133.009,131.21,Clara
2620,85.778,109.869,132.606,131.075,Clara
2621,85.81,113.297,132.27,130.693,Clara
2622,85.842,115.953,132.008,130.927,Clara
2623,85.874,116.33,131.961,131.058,Clara
2624,85.906,118.486,131.231,130.825,Clara
2625,85.938,114.115,131.117,130.457,Clara
2626,85.974,115.423,131.53,130.365,Clara
2627,86.006,116.615,131.892,130.046,Clara
2628,86.038,119.71,132.01,130.519,Clara
2629,86.07,119.261,131.475,130.372,Clara
2630,86.102,111.294,131.313,130.007,Clara
2631,86.138,109.002,132.1,130.548,Clara
2632,86.17,112.189,132.516,131.517,Clara
2633,86.202,114.05,133.228,131.001,Clara
2634,86.234,114.689,133.234,131.217,Clara
2635,86.266,115.614,133.326,131.787,Clara
2636,86.302,112.032,132.735,131.797,Clara
2637,86.334,111.65,132.32,131.628,Clara
2638,86.366,116.403,133.627,131.785,Clara
2639,86.398,116.579,133.675,131.838,Clara
2640,86.43,112.455,132.993,131.575,Clara
2641,86.462,113.141,132.774,131.642,Clara
2642,86.498,112.361,132.893,131.435,Clara
2643,86.53,115.49,133.186,131.417,Clara
2644,86.562,119.26,133.727,132.078,Clara
2645,86.594,114.581,133.198,132.132,Clara
2646,86.626,107.975,133.258,131.852,Clara
2647,86.662,105.194,133.684,131.782,Clara
2648,86.694,110.467,134.563,132.007,Clara
2649,86.726,114.226,134.563,132.164,Clara
2650,86.758,118.012,134.019,132.2,Clara
2651,86.79,111.547,133.683,131.921,Clara
2652,86.826,103.887,133.732,131.95,Clara
2653,86.858,108.381,134.382,131.93,Clara
2654,86.89,110.323,134.383,131.999,Clara
2655,86.922,108.354,134.236,132.277,Clara
2656,86.954,105.335,134.301,131.802,Clara
2657,86.986,99.791,133.275,131.974,Clara
2658,87.022,98.141,133.35,131.617,Clara
2659,87.054,102.559,134.4,132.039,Clara
2660,87.086,107.991,134.542,132.629,Clara
2661,87.118,114.764,134.836,132.253,Clara
2662,87.15,113.224,134.054,132.257,Clara
2663,87.186,107.519,134.12,132.472,Clara
2664,87.218,107.025,134.71,132.386,Clara
2665,87.25,110.427,135.184,132.342,Clara
2666,87.282,112.964,134.088,132.435,Clara
2667,87.314,114.171,134.316,132.485,Clara
2668,87.35,112.512,133.729,132.384,Clara
2669,87.382,115.202,133.993,132.667,Clara
2670,87.414,115.04,133.953,132.284,Clara
2671,87.446,116.426,134.236,132.119,Clara
2672,87.478,115.552,133.502,131.906,Clara
2673,87.51,111.492,132.327,131.358,Clara
2674,87.546,107.898,132.886,131.088,Clara
2675,87.578,110.616,133.307,131.019,Clara
2676,87.61,112.355,132.626,131.086,Clara
2677,87.642,111.204,132.154,130.421,Clara
2678,87.674,104.493,131.807,130.08,Clara
2679,87.71,104.025,132.306,130.19,Clara
2680,87.742,108.464,132.641,130.194,Clara
2681,87.774,109.115,132.632,130.191,Clara
2682,87.806,112.053,132.956,130.613,Clara
2683,87.838,112.822,132.087,130.417,Clara
2684,87.874,112.012,132.176,130.971,Clara
2685,87.906,112.162,132.321,130.814,Clara
2686,87.938,114.192,132.656,130.805,Clara
2687,87.97,118.982,132.677,130.857,Clara
2688,88.002,118.838,132.446,130.976,Clara
2689,88.034,113.673,132.653,130.464,Clara
2690,88.07,106.415,132.031,130.228,Clara
2691,88.102,103.063,131.851,129.919,Clara
2692,88.134,103.877,133.115,130.597,Clara
2693,88.166,106.798,132.675,130.451,Clara
2694,88.198,109.779,132.025,130.328,Clara
2695,88.234,108.377,132.083,130.264,Clara
2696,88.266,106.785,132.391,130.519,Clara
2697,88.298,104.022,132.14,130.445,Clara
2698,88.33,105.065,132.713,130.193,Clara
2699,88.362,103.586,133.009,130.317,Clara
2700,88.398,104.373,133.092,130.449,Clara
2701,88.43,110.928,133.038,131.077,Clara
2702,88.462,110.512,133.13,130.792,Clara
2703,88.494,104.466,132.073,130.634,Clara
2704,88.526,103.226,132.33,130.197,Clara
2705,88.558,107.875,132.8,130.467,Clara
2706,88.594,112.242,132.95,131.11,Clara
2707,88.626,114.943,132.675,131.039,Clara
2708,88.658,110.506,132.571,131.55,Clara
2709,88.69,105.347,132.059,130.985,Clara
2710,88.722,104.554,132.083,130.603,Clara
2711,88.758,106.909,132.61,130.997,Clara
2712,88.79,112.715,132.794,130.333,Clara
2713,88.822,111.033,132.718,130.54,Clara
2714,88.854,107.238,132.235,130.189,Clara
2715,88.886,109.587,132.104,129.903,Clara
2716,88.922,105.196,132.18,130.033,Clara
2717,88.954,109.618,132.429,129.763,Clara
2718,88.986,110.629,132.738,130.154,Clara
2719,89.018,107.708,132.243,130.261,Clara
2720,89.05,106.139,132.764,130.435,Clara
2721,89.082,111.096,132.775,130.15,Clara
2722,89.118,107.79,132.197,129.743,Clara
2723,89.15,107.85,132.135,130.424,Clara
2724,89.182,111.922,132.812,130.434,Clara
2725,89.214,113.237,132.411,130.896,Clara
2726,89.246,108.965,131.693,129.965,Clara
2727,89.282,106.963,131.672,130.199,Clara
2728,89.314,108.725,131.948,130.19,Clara
2729,89.346,116.168,132.249,130.563,Clara
2730,89.378,120.369,132.155,130.419,Clara
2731,89.41,116.627,132.221,130.819,Clara
2732,89.446,111.962,131.378,129.882,Clara
2733,89.478,109.991,131.844,130.326,Clara
2734,89.51,114.397,132.022,130.615,Clara
2735,89.542,116.399,132.493,130.797,Clara
2736,89.574,114.358,132.338,130.63,Clara
2737,89.606,110.064,131.784,130.072,Clara
2738,89.642,108.332,131.93,130.177,Clara
2739,89.674,109.335,132.303,130.187,Clara
2740,89.706,117.713,132.981,131.002,Clara
2741,89.738,120.75,133.156,131.239,Clara
2742,89.77,117.098,132.548,131.189,Clara
2743,89.806,114.641,132.778,130.62,Clara
2744,89.838,110.437,132.544,130.477,Clara
2745,89.87,115.31,132.326,130.679,Clara
2746,89.902,119.065,132.858,130.527,Clara
2747,89.934,123.859,132.858,131.017,Clara
2748,89.97,120.11,132.776,130.836,Clara
2749,90.002,117.527,132.162,130.969,Clara
2750,90.034,113.7,131.918,130.349,Clara
2751,90.066,112.534,132.918,130.473,Clara
2752,90.098,117.35,133.204,131.017,Clara
2753,90.13,113.515,134.057,131.294,Clara
2754,90.166,112.001,133.232,131.311,Clara
2755,90.198,106.281,132.564,130.895,Clara
2756,90.23,108.479,133.43,130.916,Clara
2757,90.262,110.671,133.869,131.194,Clara
2758,90.294,110.964,133.554,130.696,Clara
2759,90.33,104.625,133.569,130.662,Clara
2760,90.362,106.216,133.938,131.177,Clara
2761,90.394,111.822,134.219,131.166,Clara
2762,90.426,118.249,134.176,131.649,Clara
2763,90.458,118.44,133.965,131.42,Clara
2764,90.494,118.525,133.238,130.748,Clara
2765,90.526,118.024,132.969,131.02,Clara
2766,90.558,115.277,132.939,130.394,Clara
2767,90.59,116.714,132.937,130.886,Clara
2768,90.622,119.969,133.291,130.839,Clara
2769,90.654,120.411,133.1,130.787,Clara
2770,90.69,112.919,131.912,130.251,Clara
2771,90.722,106.259,132.116,130.024,Clara
2772,90.754,110.474,132.979,130.421,Clara
2773,90.786,111.603,133.354,130.667,Clara
2774,90.818,114.498,133.241,130.578,Clara
2775,90.854,112.388,133.051,130.741,Clara
2776,90.886,109.634,132.847,130.623,Clara
2777,90.918,107.554,133.416,131.133,Clara
2778,90.95,109.783,132.93,130.881,Clara
2779,90.982,116.855,133.338,130.939,Clara
2780,91.018,115.496,133.267,131.0,Clara
2781,91.05,115.976,133.825,130.76,Clara
2782,91.082,117.602,133.532,130.856,Clara
2783,91.114,116.947,133.451,130.437,Clara
2784,91.146,116.27,133.028,131.088,Clara
2785,91.178,110.602,132.947,131.085,Clara
2786,91.214,113.931,134.347,130.592,Clara
2787,91.246,117.256,133.642,131.34,Clara
2788,91.278,116.568,133.128,131.246,Clara
2789,91.31,118.156,133.806,131.994,Clara
2790,91.342,116.75,133.786,131.328,Clara
2791,91.378,118.675,133.58,131.085,Clara
2792,91.41,119.788,133.396,130.919,Clara
2793,91.442,115.327,133.528,131.127,Clara
2794,91.474,112.294,133.546,131.215,Clara
2795,91.506,108.218,133.155,130.907,Clara
2796,91.542,114.536,133.439,130.76,Clara
2797,91.574,114.574,133.877,130.509,Clara
2798,91.606,115.719,133.549,131.195,Clara
2799,91.638,109.363,132.646,130.716,Clara
2800,91.67,103.167,132.809,130.231,Clara
2801,91.702,107.115,133.899,131.103,Clara
2802,91.738,106.844,134.086,131.15,Clara
2803,91.77,110.198,134.851,131.379,Clara
2804,91.802,111.869,135.03,131.53,Clara
2805,91.834,107.403,134.7,131.469,Clara
2806,91.866,107.056,134.506,130.994,Clara
2807,91.902,105.536,134.45,131.01,Clara
2808,91.934,109.853,134.294,131.192,Clara
2809,91.966,109.384,134.609,131.019,Clara
2810,91.998,109.22,133.733,130.873,Clara
2811,92.03,111.605,133.948,131.431,Clara
2812,92.066,110.83,133.464,130.844,Clara
2813,92.098,112.284,132.916,130.595,Clara
2814,92.13,112.619,133.453,130.559,Clara
2815,92.162,115.374,133.582,130.719,Clara
2816,92.194,116.919,133.608,130.739,Clara
2817,92.226,116.16,132.936,130.264,Clara
2818,92.262,108.528,132.553,129.601,Clara
2819,92.294,107.781,133.132,129.458,Clara
2820,92.326,111.498,133.849,130.512,Clara
2821,92.358,112.873,133.921,130.721,Clara
2822,92.39,113.875,133.808,130.94,Clara
2823,92.426,112.839,133.558,130.808,Clara
2824,92.458,110.586,133.465,130.541,Clara
2825,92.49,112.475,133.927,130.952,Clara
2826,92.522,115.673,134.591,130.855,Clara
2827,92.554,115.547,134.412,131.268,Clara
2828,92.59,113.03,133.474,130.986,Clara
2829,92.622,105.216,132.997,130.935,Clara
2830,92.654,108.475,133.903,131.367,Clara
2831,92.686,114.305,134.296,131.481,Clara
2832,92.718,119.836,134.398,131.516,Clara
2833,92.75,119.685,134.204,131.584,Clara
2834,92.786,118.257,133.229,131.331,Clara
2835,92.818,103.192,132.345,130.757,Clara
2836,92.85,101.602,132.483,130.521,Clara
2837,92.882,106.509,133.505,131.185,Clara
2838,92.914,111.577,133.863,131.164,Clara
2839,92.95,113.604,134.351,131.052,Clara
2840,92.982,113.478,133.934,131.433,Clara
2841,93.014,107.343,132.479,130.89,Clara
2842,93.046,105.391,133.112,130.053,Clara
2843,93.078,107.398,134.246,130.833,Clara
2844,93.114,109.326,133.908,131.154,Clara
2845,93.146,109.996,133.892,131.46,Clara
2846,93.178,111.541,133.92,131.426,Clara
2847,93.21,117.114,134.015,131.325,Clara
2848,93.242,115.189,133.987,131.498,Clara
2849,93.274,110.851,132.855,131.068,Clara
2850,93.31,105.699,132.879,130.995,Clara
2851,93.342,110.263,133.407,130.673,Clara
2852,93.374,113.658,133.746,131.03,Clara
2853,93.406,119.383,133.246,131.507,Clara
2854,93.438,114.636,132.594,131.091,Clara
2855,93.474,110.255,132.924,131.067,Clara
2856,93.506,113.794,133.291,131.445,Clara
2857,93.538,115.963,133.663,131.541,Clara
2858,93.57,111.114,133.751,131.058,Clara
2859,93.602,105.685,133.516,130.719,Clara
2860,93.638,111.793,134.127,131.302,Clara
2861,93.67,114.986,134.696,130.958,Clara
2862,93.702,112.778,134.157,131.15,Clara
2863,93.734,106.81,133.67,130.819,Clara
2864,93.766,106.684,133.713,130.566,Clara
2865,93.798,110.08,133.901,130.992,Clara
2866,93.834,114.223,134.361,130.802,Clara
2867,93.866,113.291,134.106,130.442,Clara
2868,93.898,109.431,134.079,130.456,Clara
2869,93.93,108.005,133.445,130.391,Clara
2870,93.962,106.283,132.529,129.861,Clara
2871,93.998,106.602,132.576,129.986,Clara
2872,94.03,109.923,133.036,130.153,Clara
2873,94.062,112.579,133.132,130.362,Clara
2874,94.094,114.429,133.425,130.298,Clara
2875,94.126,112.74,132.751,130.03,Clara
2876,94.162,104.709,131.736,129.316,Clara
2877,94.194,106.0,133.014,129.897,Clara
2878,94.226,106.026,133.072,130.317,Clara
2879,94.258,105.385,132.231,129.778,Clara
2880,94.29,104.795,132.17,129.749,Clara
2881,94.322,107.174,132.548,129.906,Clara
2882,94.358,106.151,133.139,129.736,Clara
2883,94.39,105.569,133.24,130.226,Clara
2884,94.422,107.967,133.486,130.108,Clara
2885,94.454,110.311,133.133,130.357,Clara
2886,94.486,104.307,132.208,129.826,Clara
2887,94.522,105.717,132.658,130.575,Clara
2888,94.554,109.18,133.066,130.746,Clara
2889,94.586,111.071,132.86,131.035,Clara
2890,94.618,112.269,133.581,130.918,Clara
2891,94.65,115.341,133.488,131.054,Clara
2892,94.686,109.992,133.063,130.678,Clara
2893,94.718,98.586,133.464,130.681,Clara
2894,94.75,104.103,133.988,131.183,Clara
2895,94.782,110.969,133.945,131.626,Clara
2896,94.814,113.276,134.262,131.59,Clara
2897,94.846,108.267,133.84,131.404,Clara
2898,94.882,103.417,133.404,131.352,Clara
2899,94.914,102.284,133.018,131.474,Clara
2900,94.946,104.71,134.828,131.371,Clara
2901,94.978,109.1,135.275,131.934,Clara
2902,95.01,113.221,135.197,131.774,Clara
2903,95.046,110.932,134.81,132.355,Clara
2904,95.078,107.169,134.662,132.232,Clara
2905,95.11,107.106,134.496,132.06,Clara
2906,95.142,109.121,134.715,131.9,Clara
2907,95.174,108.899,135.16,132.11,Clara
2908,95.21,112.927,134.712,132.059,Clara
2909,95.242,109.147,133.951,131.937,Clara
2910,95.274,104.486,133.251,131.432,Clara
2911,95.306,102.7,133.609,131.076,Clara
2912,95.338,101.893,134.327,131.457,Clara
2913,95.37,107.158,134.739,131.495,Clara
2914,95.406,107.712,134.601,131.084,Clara
2915,95.438,107.034,134.303,131.733,Clara
2916,95.47,106.773,133.887,131.243,Clara
2917,95.502,105.799,133.995,130.578,Clara
2918,95.534,105.207,132.655,130.273,Clara
2919,95.57,104.293,132.664,129.538,Clara
2920,95.602,106.799,132.497,128.955,Clara
2921,95.634,106.433,132.587,129.12,Clara
2922,95.666,106.93,132.737,128.846,Clara
2923,95.698,100.783,131.503,128.063,Clara
2924,95.734,102.112,131.593,127.974,Clara
2925,95.766,108.848,132.683,128.587,Clara
2926,95.798,110.436,132.878,128.988,Clara
2927,95.83,111.508,133.151,129.744,Clara
2928,95.862,107.967,133.619,129.722,Clara
2929,95.894,108.355,133.736,129.612,Clara
2930,95.93,103.316,133.086,129.244,Clara
2931,95.962,104.546,132.865,128.587,Clara
2932,95.994,104.567,132.834,128.822,Clara
2933,96.026,108.993,133.386,128.674,Clara
2934,96.058,112.281,133.085,129.205,Clara
2935,96.094,113.171,133.127,129.327,Clara
2936,96.126,116.034,132.571,129.461,Clara
2937,96.158,115.283,132.573,129.357,Clara
2938,96.19,116.601,132.625,129.108,Clara
2939,96.222,117.419,132.498,129.582,Clara
2940,96.258,113.626,132.845,129.404,Clara
2941,96.29,110.639,132.538,129.203,Clara
2942,96.322,108.348,132.745,128.394,Clara
2943,96.354,106.407,133.199,129.044,Clara
2944,96.386,106.031,133.858,129.029,Clara
2945,96.418,111.921,134.441,129.696,Clara
2946,96.454,112.084,134.277,129.944,Clara
2947,96.486,102.886,132.505,129.271,Clara
2948,96.518,101.29,132.962,128.819,Clara
2949,96.55,99.155,133.522,129.081,Clara
2950,96.582,101.189,133.935,129.329,Clara
2951,96.618,106.574,133.779,130.017,Clara
2952,96.65,105.063,133.786,129.198,Clara
2953,96.682,108.398,133.453,129.353,Clara
2954,96.714,107.137,132.863,129.381,Clara
2955,96.746,109.113,133.229,129.295,Clara
2956,96.782,112.158,133.058,129.3,Clara
2957,96.814,120.327,132.842,129.632,Clara
2958,96.846,120.189,133.279,129.472,Clara
2959,96.878,118.23,132.016,129.707,Clara
2960,96.91,115.832,132.637,129.213,Clara
2961,96.942,119.61,132.335,129.752,Clara
2962,96.978,124.114,133.092,129.668,Clara
2963,97.01,120.93,132.938,130.057,Clara
2964,97.042,109.04,132.553,129.619,Clara
2965,97.074,109.975,131.768,129.403,Clara
2966,97.106,107.289,132.752,129.329,Clara
2967,97.142,111.264,132.96,129.387,Clara
2968,97.174,114.821,133.314,130.108,Clara
2969,97.206,115.392,133.646,130.612,Clara
2970,97.238,114.847,133.669,129.866,Clara
2971,97.27,110.834,133.835,129.571,Clara
2972,97.306,109.893,133.593,129.866,Clara
2973,97.338,109.689,134.225,130.239,Clara
2974,97.37,115.389,134.89,130.54,Clara
2975,97.402,119.432,135.261,131.034,Clara
2976,97.434,112.721,134.613,131.39,Clara
2977,97.466,108.649,134.496,130.795,Clara
2978,97.502,111.121,134.392,130.707,Clara
2979,97.534,112.884,134.741,131.107,Clara
2980,97.566,118.142,134.996,131.772,Clara
2981,97.598,115.368,134.325,131.029,Clara
2982,97.63,112.781,134.248,130.504,Clara
2983,97.666,114.729,134.426,130.552,Clara
2984,97.698,114.744,134.679,130.928,Clara
2985,97.73,118.535,134.809,131.212,Clara
2986,97.762,117.73,134.569,131.17,Clara
2987,97.794,113.986,134.086,130.613,Clara
2988,97.83,108.188,133.777,130.276,Clara
2989,97.862,106.772,134.202,129.967,Clara
2990,97.894,112.572,134.394,130.865,Clara
2991,97.926,115.538,135.032,131.108,Clara
2992,97.958,115.439,135.421,131.545,Clara
2993,97.99,109.988,134.607,131.751,Clara
2994,98.026,110.479,134.629,131.101,Clara
2995,98.058,114.153,135.629,131.356,Clara
2996,98.09,115.226,135.705,131.53,Clara
2997,98.122,114.635,135.179,131.613,Clara
2998,98.154,115.236,135.171,131.563,Clara
2999,98.19,116.354,135.297,132.45,Clara
3000,98.222,121.632,135.757,132.755,Clara
3001,98.254,120.097,135.508,132.621,Clara
3002,98.286,120.234,135.958,132.454,Clara
3003,98.318,125.2,135.866,132.539,Clara
3004,98.354,124.571,135.608,132.323,Clara
3005,98.386,116.974,135.585,131.564,Clara
3006,98.418,108.069,134.468,131.076,Clara
3007,98.45,105.285,135.124,131.094,Clara
3008,98.482,107.175,135.993,131.009,Clara
3009,98.514,110.622,136.362,132.299,Clara
3010,98.55,112.95,135.739,132.097,Clara
3011,98.582,103.442,134.818,131.553,Clara
3012,98.614,98.41,135.001,131.442,Clara
3013,98.646,102.509,134.929,131.561,Clara
3014,98.678,105.688,135.207,131.641,Clara
3015,98.714,107.713,134.887,132.154,Clara
3016,98.746,106.958,134.6,132.307,Clara
3017,98.778,101.528,134.521,132.351,Clara
3018,98.81,101.508,134.911,132.297,Clara
3019,98.842,102.391,134.778,132.711,Clara
3020,98.878,104.63,135.106,132.646,Clara
3021,98.91,110.711,135.206,133.419,Clara
3022,98.942,112.491,134.99,132.08,Clara
3023,98.974,105.071,134.271,132.443,Clara
3024,99.006,96.427,132.603,130.756,Clara
3025,99.038,90.559,132.658,130.736,Clara
3026,99.074,95.889,133.966,130.935,Clara
3027,99.106,101.991,134.685,131.921,Clara
3028,99.138,100.801,134.148,132.207,Clara
3029,99.17,96.13,133.679,131.464,Clara
3030,99.202,93.906,133.421,131.199,Clara
3031,99.238,98.369,133.746,131.347,Clara
3032,99.27,99.316,134.011,131.686,Clara
3033,99.302,99.082,134.365,131.856,Clara
3034,99.334,102.908,134.676,132.724,Clara
3035,99.366,102.874,134.551,131.946,Clara
3036,99.402,98.477,133.697,131.292,Clara
3037,99.434,91.061,132.641,131.112,Clara
3038,99.466,92.846,132.85,131.767,Clara
3039,99.498,95.499,133.783,131.604,Clara
3040,99.53,96.109,134.742,132.172,Clara
3041,99.562,97.731,134.406,132.465,Clara
3042,99.598,95.512,134.02,131.782,Clara
3043,99.63,90.932,133.252,131.849,Clara
3044,99.662,89.028,133.656,131.382,Clara
3045,99.694,96.32,134.572,132.171,Clara
3046,99.726,97.181,133.991,132.191,Clara
3047,99.762,99.465,133.78,132.021,Clara
3048,99.794,95.051,133.865,131.805,Clara
3049,99.826,92.032,133.269,131.193,Clara
3050,99.858,92.712,133.229,131.234,Clara
3051,99.89,95.159,134.216,131.13,Clara
3052,99.926,97.781,133.985,131.598,Clara
3053,99.958,95.547,134.1,131.693,Clara
3054,99.99,94.183,133.592,131.503,Clara
3055,100.022,91.669,133.999,131.517,Clara
3056,100.054,92.208,133.893,131.161,Clara
3057,100.086,93.897,133.872,131.876,Clara
3058,100.122,93.681,133.473,131.666,Clara
3059,100.154,92.32,133.67,131.779,Clara
3060,100.186,96.176,134.062,131.685,Clara
3061,100.218,95.688,133.772,131.491,Clara
3062,100.25,94.212,133.496,131.523,Clara
3063,100.286,96.008,133.396,131.659,Clara
3064,100.318,92.267,133.237,131.444,Clara
3065,100.35,89.972,133.616,131.367,Clara
3066,100.382,96.805,133.98,131.884,Clara
3067,100.414,96.358,133.881,131.887,Clara
3068,100.45,90.489,133.55,131.71,Clara
3069,100.482,87.248,133.559,131.558,Clara
3070,100.514,88.152,133.978,131.629,Clara
3071,100.546,91.71,134.46,131.886,Clara
3072,100.578,90.985,134.488,131.507,Clara
3073,100.61,88.918,133.591,131.333,Clara
3074,100.646,86.888,133.563,131.26,Clara
3075,100.678,85.959,133.972,130.718,Clara
3076,100.71,88.92,133.933,131.295,Clara
3077,100.742,93.023,134.674,132.099,Clara
3078,100.774,95.283,134.701,132.069,Clara
3079,100.81,94.813,134.144,131.976,Clara
3080,100.842,95.237,133.756,132.22,Clara
3081,100.874,94.678,133.8,131.942,Clara
3082,100.906,98.311,134.61,131.751,Clara
3083,100.938,97.236,134.384,131.508,Clara
3084,100.974,97.829,134.001,131.353,Clara
3085,101.006,95.656,133.76,131.542,Clara
3086,101.038,97.613,133.793,131.896,Clara
3087,101.07,95.787,133.747,131.733,Clara
3088,101.102,91.198,133.907,131.489,Clara
3089,101.134,92.002,134.04,131.673,Clara
3090,101.17,92.281,134.017,131.719,Clara
3091,101.202,94.983,134.247,131.335,Clara
3092,101.234,92.231,133.564,131.221,Clara
3093,101.266,87.542,133.099,130.92,Clara
3094,101.298,87.636,133.453,131.216,Clara
3095,101.334,88.933,133.731,131.351,Clara
3096,101.366,92.269,134.197,131.396,Clara
3097,101.398,95.619,134.8,131.167,Clara
3098,101.43,94.757,134.147,131.632,Clara
3099,101.462,87.767,133.381,130.845,Clara
3100,101.498,84.377,133.159,130.708,Clara
3101,101.53,86.932,133.342,131.065,Clara
3102,101.562,90.916,134.298,130.762,Clara
3103,101.594,91.696,134.445,130.822,Clara
3104,101.626,92.27,134.075,130.783,Clara
3105,101.658,84.564,132.998,130.552,Clara
3106,101.694,78.839,132.729,130.013,Clara
3107,101.726,82.84,133.256,130.211,Clara
3108,101.758,84.779,133.264,130.843,Clara
3109,101.79,86.579,133.567,131.13,Clara
3110,101.822,87.912,133.716,130.947,Clara
3111,101.858,83.683,133.216,130.719,Clara
3112,101.89,83.574,132.763,130.667,Clara
3113,101.922,80.347,133.373,130.258,Clara
3114,101.954,84.346,133.383,130.9,Clara
3115,101.986,88.661,134.806,131.178,Clara
3116,102.022,87.653,134.369,131.465,Clara
3117,102.054,86.828,134.175,130.915,Clara
3118,102.086,83.987,134.183,131.465,Clara
3119,102.118,84.066,133.997,131.142,Clara
3120,102.15,85.87,134.084,131.849,Clara
3121,102.182,85.29,134.398,131.291,Clara
3122,102.218,87.25,134.495,131.59,Clara
3123,102.25,85.515,134.087,131.469,Clara
3124,102.282,84.558,134.012,131.0,Clara
3125,102.314,84.781,133.922,131.047,Clara
3126,102.346,88.972,134.433,131.728,Clara
3127,102.382,91.577,134.347,132.503,Clara
3128,102.414,87.612,134.567,132.126,Clara
3129,102.446,88.107,134.621,132.197,Clara
3130,102.478,89.176,134.944,132.305,Clara
3131,102.51,93.716,135.586,132.394,Clara
3132,102.546,92.262,135.134,132.04,Clara
3133,102.578,85.166,134.062,131.975,Clara
3134,102.61,87.589,133.92,131.849,Clara
3135,102.642,89.06,134.879,131.761,Clara
3136,102.674,88.679,135.076,132.033,Clara
3137,102.706,86.074,134.514,131.864,Clara
3138,102.742,86.741,134.235,131.735,Clara
3139,102.774,84.127,133.919,131.514,Clara
3140,102.806,85.877,133.855,131.328,Clara
3141,102.838,88.812,134.858,131.854,Clara
3142,102.87,90.06,134.534,132.385,Clara
3143,102.906,83.802,134.529,132.244,Clara
3144,102.938,86.124,134.134,132.148,Clara
3145,102.97,88.109,135.076,131.841,Clara
3146,103.002,91.17,134.737,132.773,Clara
3147,103.034,97.637,135.368,132.828,Clara
3148,103.071,95.977,135.01,132.662,Clara
3149,103.102,91.808,133.935,132.285,Clara
3150,103.134,88.368,133.63,131.632,Clara
3151,103.166,93.278,134.387,131.485,Clara
3152,103.198,94.089,134.309,131.813,Clara
3153,103.23,91.686,134.683,130.937,Clara
3154,103.266,85.758,133.663,130.82,Clara
3155,103.298,82.101,133.071,130.983,Clara
3156,103.33,83.259,132.773,130.744,Clara
3157,103.362,86.344,133.771,130.819,Clara
3158,103.394,87.825,133.971,131.341,Clara
3159,103.43,91.93,134.281,131.631,Clara
3160,103.462,97.612,134.853,131.297,Clara
3161,103.494,94.546,133.671,131.38,Clara
3162,103.526,85.227,132.715,130.4,Clara
3163,103.558,81.735,132.891,130.54,Clara
3164,103.594,86.499,133.59,131.34,Clara
3165,103.626,89.922,133.916,131.153,Clara
3166,103.658,93.505,133.398,131.682,Clara
3167,103.69,88.951,133.5,131.401,Clara
3168,103.722,86.145,133.447,131.703,Clara
3169,103.754,86.771,134.128,131.494,Clara
3170,103.79,87.217,133.285,131.189,Clara
3171,103.822,84.628,133.128,130.801,Clara
3172,103.854,85.876,133.302,130.757,Clara
3173,103.886,85.127,132.564,130.924,Clara
3174,103.918,81.317,132.519,130.922,Clara
3175,103.954,79.128,132.97,130.257,Clara
3176,103.986,79.565,133.415,129.926,Clara
3177,104.018,83.572,133.342,130.762,Clara
3178,104.05,87.371,133.629,130.902,Clara
3179,104.082,90.554,133.461,131.323,Clara
3180,104.118,82.462,133.127,130.312,Clara
3181,104.15,83.892,133.316,131.072,Clara
3182,104.182,83.398,133.536,131.265,Clara
3183,104.214,82.551,133.878,131.774,Clara
3184,104.246,77.85,133.382,130.78,Clara
3185,104.278,80.688,133.179,131.222,Clara
3186,104.314,84.462,133.757,131.179,Clara
3187,104.346,86.203,134.195,131.935,Clara
3188,104.378,89.522,134.17,131.765,Clara
3189,104.41,85.6,133.627,131.592,Clara
3190,104.442,79.536,132.449,130.335,Clara
3191,104.478,78.034,132.559,130.378,Clara
3192,104.51,80.581,133.126,130.332,Clara
3193,104.542,80.109,132.741,130.7,Clara
3194,104.574,75.559,132.547,130.44,Clara
3195,104.606,74.694,133.07,129.491,Clara
3196,104.642,76.017,132.341,130.845,Clara
3197,104.674,72.801,132.66,130.077,Clara
3198,104.706,74.834,132.606,130.332,Clara
3199,104.738,72.653,132.769,130.087,Clara
3200,104.77,77.379,133.279,130.414,Clara
3201,104.802,77.323,133.246,130.56,Clara
3202,104.838,72.325,132.325,130.724,Clara
3203,104.87,74.227,132.423,130.91,Clara
3204,104.902,77.62,133.055,131.243,Clara
3205,104.934,81.501,133.453,131.159,Clara
3206,104.966,85.725,134.054,131.478,Clara
3207,105.002,83.572,133.534,131.212,Clara
3208,105.034,74.793,132.056,131.133,Clara
3209,105.066,67.874,131.625,130.399,Clara
3210,105.098,72.375,131.955,130.914,Clara
3211,105.13,75.323,132.76,131.11,Clara
3212,105.166,77.572,133.022,130.589,Clara
3213,105.198,78.141,132.429,130.969,Clara
3214,105.23,81.139,132.508,131.105,Clara
3215,105.262,78.941,132.725,130.627,Clara
3216,105.294,75.529,133.414,130.342,Clara
3217,105.326,80.071,133.973,130.947,Clara
3218,105.362,81.84,134.02,131.529,Clara
3219,105.394,83.705,133.843,131.316,Clara
3220,105.426,87.747,134.432,131.503,Clara
3221,105.458,88.16,133.53,131.675,Clara
3222,105.49,85.074,133.69,131.364,Clara
3223,105.526,78.017,132.587,130.572,Clara
3224,105.558,81.147,133.168,131.326,Clara
3225,105.59,84.206,133.834,131.434,Clara
3226,105.622,83.336,133.129,131.604,Clara
3227,105.654,82.777,133.181,130.552,Clara
3228,105.69,77.137,132.279,130.681,Clara
3229,105.722,77.534,133.127,130.728,Clara
3230,105.754,82.578,133.748,131.207,Clara
3231,105.786,82.701,133.858,131.099,Clara
3232,105.818,80.875,133.652,131.224,Clara
3233,105.85,78.932,132.863,131.357,Clara
3234,105.886,73.991,132.04,130.871,Clara
3235,105.918,79.918,133.486,130.982,Clara
3236,105.95,79.99,133.066,130.958,Clara
3237,105.982,79.855,133.506,131.022,Clara
3238,106.014,74.016,132.738,130.964,Clara
3239,106.05,70.787,132.114,129.669,Clara
3240,106.082,71.477,132.497,130.169,Clara
3241,106.114,73.894,132.44,130.532,Clara
3242,106.146,80.917,133.31,131.191,Clara
3243,106.179,85.52,133.376,130.798,Clara
3244,106.214,79.63,132.668,130.685,Clara
3245,106.246,81.137,132.717,130.705,Clara
3246,106.278,80.487,132.887,130.946,Clara
3247,106.31,81.298,132.955,130.951,Clara
3248,106.342,80.548,133.195,131.521,Clara
3249,106.374,80.959,133.212,131.167,Clara
3250,106.41,79.967,133.055,131.033,Clara
3251,106.442,77.636,132.566,131.242,Clara
3252,106.475,74.5,132.185,130.653,Clara
3253,106.506,74.99,132.432,130.455,Clara
3254,106.538,79.495,133.173,130.582,Clara
3255,106.574,75.026,132.095,130.4,Clara
3256,106.606,73.393,131.4,130.867,Clara
3257,106.638,75.855,131.949,131.057,Clara
3258,106.67,77.926,132.777,131.406,Clara
3259,106.702,79.05,133.441,131.469,Clara
3260,106.739,85.808,134.206,132.024,Clara
3261,106.77,80.787,132.937,131.294,Clara
3262,106.802,78.789,132.882,131.022,Clara
3263,106.834,80.511,133.379,130.974,Clara
3264,106.866,80.283,133.185,131.008,Clara
3265,106.898,79.695,132.686,131.118,Clara
3266,106.934,76.856,132.609,131.109,Clara
3267,106.966,79.644,133.276,131.157,Clara
3268,106.998,81.389,133.874,131.58,Clara
3269,107.03,81.771,133.342,131.21,Clara
3270,107.062,73.337,132.499,130.868,Clara
3271,107.098,75.263,132.759,130.582,Clara
3272,107.13,77.087,133.403,131.167,Clara
3273,107.162,79.71,133.454,131.107,Clara
3274,107.194,77.155,133.365,130.988,Clara
3275,107.226,77.314,132.872,130.654,Clara
3276,107.263,78.539,133.031,130.649,Clara
3277,107.294,82.706,133.805,130.731,Clara
3278,107.326,83.977,133.81,131.643,Clara
3279,107.358,87.011,134.004,131.617,Clara
3280,107.39,80.923,133.561,131.405,Clara
3281,107.422,79.889,133.269,131.436,Clara
3282,107.459,81.641,133.082,132.016,Clara
3283,107.49,86.34,134.162,132.311,Clara
3284,107.522,89.621,134.243,132.39,Clara
3285,107.555,88.871,134.14,131.586,Clara
3286,107.586,82.943,132.906,131.491,Clara
3287,107.622,77.649,132.741,131.292,Clara
3288,107.654,78.919,133.091,131.695,Clara
3289,107.686,82.178,133.694,131.663,Clara
3290,107.718,79.77,133.186,131.637,Clara
3291,107.751,74.289,132.535,130.882,Clara
3292,107.787,72.535,132.623,130.269,Clara
3293,107.819,73.765,133.092,130.627,Clara
3294,107.85,76.968,133.228,130.782,Clara
3295,107.882,79.413,133.668,130.785,Clara
3296,107.914,76.944,132.938,130.878,Clara
3297,107.947,73.405,132.767,130.668,Clara
3298,107.983,75.411,131.902,130.369,Clara
3299,108.014,76.2,132.757,130.919,Clara
3300,108.047,78.697,133.23,130.707,Clara
3301,108.079,79.733,133.096,131.291,Clara
3302,108.11,74.901,132.616,130.496,Clara
3303,108.146,72.95,132.161,129.986,Clara
3304,108.179,69.295,132.638,130.009,Clara
3305,108.211,74.084,133.313,130.28,Clara
3306,108.243,76.21,133.594,130.903,Clara
3307,108.275,76.867,133.831,131.39,Clara
3308,108.311,77.097,133.849,131.333,Clara
3309,108.342,73.22,132.705,130.941,Clara
3310,108.375,74.428,132.714,130.732,Clara
3311,108.407,72.591,132.331,130.228,Clara
3312,108.439,72.064,132.412,130.728,Clara
3313,108.471,72.834,132.813,130.708,Clara
3314,108.506,73.35,132.987,130.826,Clara
3315,108.538,74.698,133.383,130.856,Clara
3316,108.571,74.104,132.648,131.038,Clara
3317,108.602,71.427,132.79,129.891,Clara
3318,108.634,71.691,132.731,130.7,Clara
3319,108.671,72.77,133.292,130.98,Clara
3320,108.703,78.7,133.321,130.926,Clara
3321,108.734,74.275,132.98,131.077,Clara
3322,108.766,71.128,132.731,130.573,Clara
3323,108.799,74.394,133.974,130.72,Clara
3324,108.835,75.975,133.626,130.809,Clara
3325,108.867,77.588,133.924,131.014,Clara
3326,108.898,75.33,133.217,130.842,Clara
3327,108.93,76.143,132.962,131.071,Clara
3328,108.963,72.548,132.992,131.032,Clara
3329,108.995,77.241,133.391,131.136,Clara
3330,109.031,80.131,133.914,131.371,Clara
3331,109.063,74.48,133.072,131.284,Clara
3332,109.095,70.137,131.852,130.941,Clara
3333,109.127,65.527,131.446,130.433,Clara
3334,109.159,71.327,132.231,130.823,Clara
3335,109.194,74.233,132.99,131.014,Clara
3336,109.227,76.463,133.342,130.624,Clara
3337,109.259,76.588,133.142,131.212,Clara
3338,109.291,70.757,132.398,130.081,Clara
3339,109.323,69.642,132.256,130.512,Clara
3340,109.359,74.589,132.925,131.004,Clara
3341,109.39,77.655,133.283,131.15,Clara
3342,109.422,80.704,133.756,131.652,Clara
3343,109.454,75.857,132.777,131.101,Clara
3344,109.486,74.845,132.604,130.65,Clara
3345,109.519,77.825,132.429,130.538,Clara
3346,109.555,78.014,133.042,130.532,Clara
3347,109.587,77.833,132.545,130.755,Clara
3348,109.619,80.128,132.522,130.684,Clara
3349,109.651,81.955,132.998,130.553,Clara
3350,109.683,82.934,132.885,131.082,Clara
3351,109.718,79.256,132.689,130.842,Clara
3352,109.751,74.186,131.605,130.338,Clara
3353,109.783,73.347,131.613,130.342,Clara
3354,109.815,78.823,132.227,130.42,Clara
3355,109.847,78.596,132.576,130.493,Clara
3356,109.883,78.352,132.566,129.67,Clara
3357,109.915,70.777,131.0,129.396,Clara
3358,109.947,66.919,131.106,129.083,Clara
3359,109.979,73.389,131.018,129.656,Clara
3360,110.01,74.931,132.006,130.059,Clara
3361,110.043,76.86,132.088,130.22,Clara
3362,110.079,74.953,132.53,130.435,Clara
3363,110.11,74.281,132.188,129.905,Clara
3364,110.143,74.126,131.953,130.148,Clara
3365,110.175,74.281,131.939,130.049,Clara
3366,110.207,73.286,131.751,130.044,Clara
3367,110.243,78.125,132.272,130.239,Clara
3368,110.275,80.786,132.786,130.387,Clara
3369,110.307,79.541,132.507,130.184,Clara
3370,110.339,73.451,132.002,129.881,Clara
3371,110.371,73.188,132.13,130.049,Clara
3372,110.407,76.234,132.601,130.645,Clara
3373,110.439,76.669,132.34,130.12,Clara
3374,110.471,77.869,132.758,130.091,Clara
3375,110.503,73.327,131.629,130.154,Clara
3376,110.535,69.085,131.218,129.232,Clara
3377,110.567,69.809,131.458,129.964,Clara
3378,110.603,75.403,132.417,130.505,Clara
3379,110.635,79.126,132.988,130.521,Clara
3380,110.667,77.861,132.825,130.665,Clara
3381,110.699,75.852,132.857,130.726,Clara
3382,110.731,74.464,131.834,130.363,Clara
3383,110.767,72.374,131.995,129.571,Clara
3384,110.799,73.909,132.687,129.899,Clara
3385,110.831,79.028,133.275,130.777,Clara
3386,110.863,79.267,133.236,130.465,Clara
3387,110.895,74.688,132.226,130.599,Clara
3388,110.931,72.126,132.49,130.339,Clara
3389,110.963,74.19,132.544,130.61,Clara
3390,110.995,76.778,133.055,131.133,Clara
3391,111.027,76.121,133.601,131.042,Clara
3392,111.059,75.418,133.147,130.718,Clara
3393,111.091,72.328,131.86,129.572,Clara
3394,111.127,69.727,131.337,129.912,Clara
3395,111.159,70.451,131.338,129.624,Clara
3396,111.191,74.883,133.234,130.41,Clara
3397,111.223,76.007,133.117,130.758,Clara
3398,111.255,69.084,132.311,130.36,Clara
3399,111.291,70.267,131.982,130.156,Clara
3400,111.323,67.54,131.923,130.237,Clara
3401,111.355,71.823,132.816,130.415,Clara
3402,111.387,78.654,133.403,130.957,Clara
3403,111.419,78.019,133.524,130.779,Clara
3404,111.455,76.685,133.344,131.06,Clara
3405,111.487,71.025,133.216,130.501,Clara
3406,111.519,73.564,132.719,130.339,Clara
3407,111.551,72.206,132.399,129.704,Clara
3408,111.583,76.952,133.308,130.084,Clara
3409,111.615,76.122,133.807,130.954,Clara
3410,111.651,73.306,133.13,131.748,Clara
3411,111.683,74.117,133.643,131.045,Clara
3412,111.715,73.244,132.905,130.661,Clara
3413,111.747,70.242,132.839,130.754,Clara
3414,111.779,72.923,132.712,130.379,Clara
3415,111.815,76.1,133.041,130.86,Clara
3416,111.847,79.781,134.085,130.525,Clara
3417,111.879,79.325,133.595,131.115,Clara
3418,111.911,73.841,132.754,130.697,Clara
3419,111.943,63.293,131.816,130.096,Media
3420,111.979,70.12,132.477,130.121,Media
3421,112.011,74.138,133.492,130.889,Media
3422,112.043,75.409,133.77,131.064,Media
3423,112.075,74.822,133.859,130.665,Media
3424,112.107,78.9,133.603,131.821,Media
3425,112.139,75.836,133.287,131.312,Media
3426,112.175,76.006,132.931,130.703,Media
3427,112.207,70.911,132.539,131.069,Media
3428,112.239,73.629,132.945,131.164,Media
3429,112.271,73.825,132.882,131.0,Media
3430,112.303,70.396,132.586,130.458,Media
3431,112.339,69.461,132.885,130.178,Media
3432,112.371,68.335,132.469,129.761,Media
3433,112.403,68.404,132.798,130.264,Media
3434,112.435,71.199,132.949,130.343,Media
3435,112.467,80.689,134.109,130.514,Media
3436,112.503,85.958,134.143,131.096,Media
3437,112.535,81.551,133.827,130.48,Media
3438,112.567,72.999,133.459,130.359,Media
3439,112.599,71.346,133.271,130.424,Media
3440,112.631,75.44,133.82,130.513,Media
3441,112.663,72.852,133.448,130.437,Media
3442,112.699,73.087,133.898,130.549,Media
3443,112.731,76.058,134.015,130.78,Media
3444,112.763,70.412,133.332,130.379,Media
3445,112.795,68.718,133.01,130.614,Media
3446,112.827,70.226,133.267,130.708,Media
3447,112.863,71.718,134.019,130.74,Media
3448,112.895,75.355,134.168,131.009,Media
3449,112.927,71.361,133.836,130.773,Media
3450,112.959,69.403,132.144,130.687,Media
3451,112.991,65.963,131.656,129.454,Media
3452,113.027,68.995,132.32,130.607,Media
3453,113.059,71.317,132.628,130.362,Media
3454,113.091,73.105,133.346,130.938,Media
3455,113.123,74.549,133.819,130.708,Media
3456,113.155,71.27,133.104,130.697,Media
3457,113.187,75.944,133.401,131.25,Media
3458,113.223,73.521,133.233,130.014,Media
3459,113.255,77.129,133.869,130.941,Media
3460,113.287,79.027,134.394,131.036,Media
3461,113.319,76.65,133.56,130.8,Media
3462,113.351,70.499,132.114,130.548,Media
3463,113.387,72.653,133.362,129.869,Media
3464,113.419,71.717,132.598,130.045,Media
3465,113.451,75.219,133.152,130.257,Media
3466,113.483,77.602,133.949,131.002,Media
3467,113.515,75.052,133.266,130.664,Media
3468,113.551,66.175,132.068,130.264,Media
3469,113.583,70.011,132.897,130.328,Media
3470,113.615,69.553,133.077,129.838,Media
3471,113.647,70.14,133.429,130.386,Media
3472,113.679,76.894,134.577,131.324,Media
3473,113.711,76.83,134.168,131.383,Media
3474,113.747,69.145,133.208,130.949,Media
3475,113.779,67.938,132.667,130.567,Media
3476,113.811,71.463,133.223,130.572,Media
3477,113.843,76.503,133.478,131.492,Media
3478,113.875,77.778,133.874,130.662,Media
3479,113.911,78.351,134.153,131.062,Media
3480,113.943,75.47,133.461,130.56,Media
3481,113.975,65.625,131.755,130.742,Media
3482,114.007,66.641,132.815,129.589,Media
3483,114.039,67.119,132.778,130.29,Media
3484,114.075,72.253,133.704,130.474,Media
3485,114.107,75.44,134.512,130.873,Media
3486,114.139,72.712,133.725,130.779,Media
3487,114.171,67.967,132.744,130.461,Media
3488,114.203,68.812,132.641,130.246,Media
3489,114.235,70.576,133.15,130.502,Media
3490,114.271,73.407,133.421,130.739,Media
3491,114.303,68.325,133.084,129.679,Media
3492,114.335,69.893,133.324,130.327,Media
3493,114.367,68.237,132.814,130.776,Media
3494,114.399,71.444,133.476,130.856,Media
3495,114.435,73.926,133.469,130.539,Media
3496,114.467,71.702,132.93,130.855,Media
3497,114.499,70.903,132.774,130.377,Media
3498,114.531,69.975,132.317,130.575,Media
3499,114.563,72.443,133.109,131.047,Media
3500,114.599,75.347,133.571,130.342,Media
3501,114.631,77.423,133.577,131.392,Media
3502,114.663,80.341,134.112,131.107,Media
3503,114.695,78.518,133.402,131.024,Media
3504,114.727,73.843,132.667,130.995,Media
3505,114.759,73.838,132.973,131.005,Media
3506,114.795,77.393,134.088,131.667,Media
3507,114.827,77.867,134.257,131.615,Media
3508,114.859,74.223,134.111,131.166,Media
3509,114.891,74.746,133.441,130.398,Media
3510,114.923,74.56,132.96,130.44,Media
3511,114.959,71.11,132.674,130.281,Media
3512,114.991,70.603,132.886,129.767,Media
3513,115.023,71.561,132.5,130.388,Media
3514,115.055,71.014,132.761,129.782,Media
3515,115.087,72.469,133.213,130.04,Media
3516,115.123,67.599,132.138,129.748,Media
3517,115.155,62.066,130.911,129.641,Media
3518,115.187,68.55,132.376,129.96,Media
3519,115.219,70.972,132.474,130.374,Media
3520,115.251,67.532,132.647,129.928,Media
3521,115.283,66.908,131.948,129.718,Media
3522,115.319,74.823,131.697,131.014,Media
3523,115.351,66.46,132.232,130.226,Media
3524,115.383,73.6,133.664,130.736,Media
3525,115.415,76.881,134.557,131.337,Media
3526,115.447,74.143,133.786,131.547,Media
3527,115.483,67.933,133.423,130.318,Media
3528,115.515,67.696,132.506,130.562,Media
3529,115.547,71.788,133.394,130.793,Media
3530,115.579,75.445,133.807,131.227,Media
3531,115.611,79.733,134.374,131.469,Media
3532,115.647,76.119,133.537,130.927,Media
3533,115.679,68.291,131.643,130.176,Media
3534,115.711,68.62,131.8,130.619,Media
3535,115.743,74.826,132.772,130.662,Media
3536,115.775,75.649,133.381,130.387,Media
3537,115.807,72.439,132.815,129.546,Media
3538,115.843,70.829,132.199,129.954,Media
3539,115.875,66.236,131.944,129.829,Media
3540,115.907,64.142,132.051,129.432,Media
3541,115.939,68.991,132.863,130.608,Media
3542,115.971,74.928,133.541,130.184,Media
3543,116.007,75.124,132.998,130.507,Media
3544,116.039,71.312,132.679,130.89,Media
3545,116.071,69.354,132.589,130.612,Media
3546,116.103,68.87,132.466,130.565,Media
3547,116.135,72.684,133.557,130.098,Media
3548,116.171,76.746,133.896,130.665,Media
3549,116.203,77.255,134.076,130.747,Media
3550,116.235,76.536,133.531,130.097,Media
3551,116.267,71.962,133.098,130.764,Media
3552,116.299,70.583,132.405,130.428,Media
3553,116.331,73.877,132.697,130.619,Media
3554,116.367,76.811,133.3,131.366,Media
3555,116.399,77.495,133.731,131.24,Media
3556,116.431,75.824,132.99,130.24,Media
3557,116.463,66.86,130.792,129.985,Media
3558,116.495,67.631,132.045,129.418,Media
3559,116.531,70.818,132.509,129.918,Media
3560,116.563,76.818,133.135,130.812,Media
3561,116.595,70.434,132.317,130.655,Media
3562,116.627,70.899,132.575,130.194,Media
3563,116.659,71.103,132.867,130.524,Media
3564,116.695,73.635,132.464,130.631,Media
3565,116.727,80.022,133.729,130.212,Media
3566,116.759,74.444,133.3,130.987,Media
3567,116.791,75.434,132.885,131.338,Media
3568,116.823,72.932,133.453,130.876,Media
3569,116.855,75.439,133.561,131.033,Media
3570,116.891,80.418,134.06,131.65,Media
3571,116.923,80.072,133.898,131.81,Media
3572,116.955,75.766,133.82,130.541,Media
3573,116.987,69.197,132.255,130.288,Media
3574,117.019,66.87,132.367,130.419,Media
3575,117.055,71.096,133.002,130.332,Media
3576,117.087,71.932,132.695,130.637,Media
3577,117.119,72.588,133.279,130.469,Media
3578,117.151,69.532,132.484,130.783,Media
3579,117.183,66.068,132.083,130.101,Media
3580,117.219,65.016,132.265,129.517,Media
3581,117.251,67.052,132.277,129.922,Media
3582,117.283,67.612,132.788,130.189,Media
3583,117.315,67.399,132.739,130.391,Media
3584,117.347,67.388,132.279,129.944,Media
3585,117.379,66.668,131.894,130.027,Media
3586,117.415,72.265,132.396,130.485,Media
3587,117.447,74.408,132.919,130.312,Media
3588,117.479,72.332,132.626,130.728,Media
3589,117.511,67.504,131.91,129.948,Media
3590,117.543,62.957,132.035,129.293,Media
3591,117.579,68.144,132.564,130.569,Media
3592,117.611,72.18,133.069,130.375,Media
3593,117.643,72.4,133.418,130.422,Media
3594,117.675,68.766,132.66,130.279,Media
3595,117.707,65.05,131.687,130.003,Media
3596,117.743,63.101,131.798,129.283,Media
3597,117.775,67.289,132.174,129.859,Media
3598,117.807,68.004,132.4,130.066,Media
3599,117.839,66.515,131.93,129.908,Media
3600,117.871,65.587,131.211,129.632,Media
3601,117.903,61.472,131.365,129.728,Media
3602,117.939,68.021,132.046,130.242,Media
3603,117.971,71.71,133.299,129.934,Media
3604,118.003,73.377,133.236,131.123,Media
3605,118.035,68.152,132.342,129.906,Media
3606,118.067,65.421,131.519,129.344,Media
3607,118.103,66.39,131.222,130.149,Media
3608,118.135,69.266,132.271,129.788,Media
3609,118.167,72.093,132.026,130.383,Media
3610,118.199,71.721,132.44,130.598,Media
3611,118.231,65.516,132.313,129.848,Media
3612,118.267,64.545,131.622,129.893,Media
3613,118.299,70.368,132.5,129.836,Media
3614,118.331,68.223,132.251,130.017,Media
3615,118.363,68.627,132.518,129.811,Media
3616,118.395,64.647,132.095,130.104,Media
3617,118.427,63.587,131.948,130.071,Media
3618,118.463,66.143,132.279,129.795,Media
3619,118.495,68.32,132.756,129.74,Media
3620,118.527,69.829,132.7,129.49,Media
3621,118.559,67.899,132.121,130.111,Media
3622,118.591,63.795,132.174,129.68,Media
3623,118.627,68.895,132.214,130.001,Media
3624,118.659,72.432,132.448,130.378,Media
3625,118.691,72.871,133.083,130.314,Media
3626,118.723,70.606,132.862,130.262,Media
3627,118.755,66.756,132.158,130.069,Media
3628,118.791,65.938,132.391,130.081,Media
3629,118.823,69.275,132.91,130.551,Media
3630,118.855,72.24,132.709,130.377,Media
3631,118.887,69.001,132.48,129.783,Media
3632,118.919,64.284,131.095,129.523,Media
3633,118.951,63.286,131.778,129.471,Media
3634,118.987,67.108,132.639,129.468,Media
3635,119.019,67.181,132.745,130.174,Media
3636,119.051,67.779,132.335,129.659,Media
3637,119.083,65.929,131.658,129.944,Media
3638,119.115,67.868,132.602,129.974,Media
3639,119.151,71.005,132.46,129.735,Media
3640,119.183,71.693,132.392,129.869,Media
3641,119.215,65.259,131.222,129.942,Media
3642,119.247,59.965,131.205,129.213,Media
3643,119.279,64.745,132.03,130.061,Media
3644,119.315,68.093,132.858,129.747,Media
3645,119.347,67.639,132.421,130.141,Media
3646,119.379,66.068,132.285,130.417,Media
3647,119.411,72.059,133.256,131.264,Media
3648,119.443,71.197,133.407,131.201,Media
3649,119.475,73.9,133.649,131.072,Media
3650,119.511,71.606,133.548,130.895,Media
3651,119.543,73.607,133.372,131.182,Media
3652,119.575,76.438,133.599,131.44,Media
3653,119.607,68.053,132.93,130.98,Media
3654,119.639,66.196,132.435,130.44,Media
3655,119.675,68.644,132.695,131.031,Media
3656,119.707,71.09,133.161,130.278,Media
3657,119.739,71.86,133.401,129.819,Media
3658,119.771,71.246,133.171,129.847,Media
3659,119.803,64.286,132.074,129.775,Media
3660,119.839,60.945,131.975,129.614,Media
3661,119.871,63.595,131.954,129.586,Media
3662,119.903,70.928,133.833,129.878,Media
3663,119.935,68.769,133.59,130.857,Media
3664,119.967,68.124,133.049,130.587,Media
3665,119.999,66.945,132.933,130.684,Media
3666,120.035,68.69,133.37,130.599,Media
3667,120.067,71.303,133.674,130.219,Media
3668,120.099,74.747,133.754,130.624,Media
3669,120.131,76.321,134.167,131.23,Media
3670,120.163,70.515,132.995,131.09,Media
3671,120.199,64.498,131.893,129.836,Media
3672,120.231,64.012,131.738,129.652,Media
3673,120.263,66.375,132.17,130.073,Media
3674,120.295,70.493,132.975,129.602,Media
3675,120.327,70.276,132.53,130.171,Media
3676,120.363,63.49,131.86,129.965,Media
3677,120.395,56.427,130.59,129.137,Media
3678,120.427,58.917,131.265,129.253,Media
3679,120.459,66.959,132.693,129.797,Media
3680,120.491,68.707,133.194,130.161,Media
3681,120.523,69.062,133.176,130.301,Media
3682,120.559,67.921,132.668,130.009,Media
3683,120.591,62.951,132.051,129.956,Media
3684,120.623,64.791,132.186,130.207,Media
3685,120.655,65.979,132.363,129.764,Media
3686,120.687,68.066,132.933,130.254,Media
3687,120.723,68.594,132.817,130.721,Media
3688,120.755,71.933,133.377,130.142,Media
3689,120.787,76.433,133.33,130.539,Media
3690,120.819,74.672,132.915,130.542,Media
3691,120.851,69.512,132.444,129.777,Media
3692,120.887,71.273,132.934,130.192,Media
3693,120.919,72.531,132.688,130.367,Media
3694,120.951,68.283,132.313,130.078,Media
3695,120.983,64.215,131.329,129.778,Media
3696,121.015,59.376,131.01,129.001,Media
3697,121.047,58.371,131.043,129.401,Media
3698,121.083,65.406,132.119,129.721,Media
3699,121.115,67.794,132.844,129.531,Media
3700,121.147,71.128,132.975,130.258,Media
3701,121.179,69.476,132.606,130.413,Media
3702,121.211,67.599,132.296,130.153,Media
3703,121.247,61.945,131.606,129.726,Media
3704,121.279,61.065,131.408,129.649,Media
3705,121.311,66.539,132.644,130.577,Media
3706,121.343,72.261,133.775,130.64,Media
3707,121.375,68.271,133.095,130.321,Media
3708,121.411,63.528,132.113,130.219,Media
3709,121.443,62.316,131.87,129.493,Media
3710,121.475,64.086,132.272,129.96,Media
3711,121.507,67.34,132.705,130.021,Media
3712,121.539,71.864,133.283,129.794,Media
3713,121.571,69.374,132.834,130.336,Media
3714,121.607,64.78,130.683,129.648,Media
3715,121.639,61.927,130.964,129.706,Media
3716,121.671,64.29,132.179,129.515,Media
3717,121.703,67.135,132.412,129.764,Media
3718,121.735,65.427,131.966,129.677,Media
3719,121.771,65.86,132.773,129.693,Media
3720,121.803,65.175,132.633,130.318,Media
3721,121.835,68.226,133.084,129.876,Media
3722,121.867,70.148,132.844,130.29,Media
3723,121.899,71.582,133.452,130.408,Media
3724,121.935,71.723,132.721,129.892,Media
3725,121.967,67.065,131.675,129.669,Media
3726,121.999,66.698,131.912,129.711,Media
3727,122.031,67.12,132.155,130.038,Media
3728,122.063,70.393,133.059,130.206,Media
3729,122.095,70.339,133.451,130.287,Media
3730,122.131,69.76,132.66,130.308,Media
3731,122.163,62.563,132.123,130.016,Media
3732,122.195,59.854,131.363,129.665,Media
3733,122.227,62.39,131.92,129.563,Media
3734,122.259,64.187,131.774,129.791,Media
3735,122.295,69.196,132.584,129.879,Media
3736,122.327,70.034,132.252,130.053,Media
3737,122.359,62.162,132.087,129.459,Media
3738,122.391,60.346,131.299,129.235,Media
3739,122.423,64.727,132.508,129.425,Media
3740,122.459,68.627,133.13,130.368,Media
3741,122.491,70.148,133.81,129.456,Media
3742,122.523,67.41,132.411,129.766,Media
3743,122.555,64.495,131.822,128.842,Media
3744,122.587,64.521,132.01,129.412,Media
3745,122.619,69.531,132.594,129.194,Media
3746,122.655,71.788,132.467,129.518,Media
3747,122.687,70.236,132.886,129.697,Media
3748,122.719,69.605,132.528,129.905,Media
3749,122.751,68.105,132.061,130.232,Media
3750,122.783,65.926,132.48,129.821,Media
3751,122.819,68.163,132.67,129.581,Media
3752,122.851,71.293,133.281,129.806,Media
3753,122.883,71.733,132.952,130.298,Media
3754,122.915,69.761,132.296,129.499,Media
3755,122.947,62.426,131.15,128.934,Media
3756,122.983,58.689,131.778,129.405,Media
3757,123.015,62.96,131.552,129.403,Media
3758,123.047,68.55,132.463,129.881,Media
3759,123.079,68.518,132.383,130.012,Media
3760,123.111,64.949,131.894,130.045,Media
3761,123.143,67.716,132.541,130.099,Media
3762,123.179,67.512,132.811,130.031,Media
3763,123.211,69.721,133.01,129.798,Media
3764,123.243,71.37,132.759,129.782,Media
3765,123.275,72.875,132.519,129.376,Media
3766,123.307,66.093,132.132,129.363,Media
3767,123.343,66.864,131.852,129.165,Media
3768,123.375,66.031,131.897,129.104,Media
3769,123.407,68.59,132.695,129.355,Media
3770,123.439,70.859,133.094,129.489,Media
3771,123.471,68.313,132.632,129.647,Media
3772,123.507,61.203,131.347,129.508,Media
3773,123.539,58.125,130.749,129.425,Media
3774,123.571,60.938,131.126,129.088,Media
3775,123.603,63.867,131.645,129.095,Media
3776,123.635,68.307,132.462,128.844,Media
3777,123.667,65.041,131.517,129.147,Media
3778,123.703,60.492,130.856,128.913,Media
3779,123.735,63.945,131.46,128.591,Media
3780,123.767,66.26,132.195,129.328,Media
3781,123.799,67.596,132.639,130.054,Media
3782,123.831,68.168,132.671,129.448,Media
3783,123.867,72.094,133.234,129.586,Media
3784,123.899,70.017,132.039,129.978,Media
3785,123.931,64.028,130.367,128.913,Media
3786,123.963,59.55,130.133,128.594,Media
3787,123.995,63.873,131.52,128.536,Media
3788,124.031,69.079,132.37,129.427,Media
3789,124.063,67.887,131.702,129.243,Media
3790,124.095,65.371,131.32,129.174,Media
3791,124.127,61.125,131.331,129.212,Media
3792,124.159,62.636,130.987,129.284,Media
3793,124.191,63.24,131.648,129.387,Media
3794,124.227,66.047,131.516,129.031,Media
3795,124.259,61.86,130.928,129.225,Media
3796,124.291,62.374,130.901,129.317,Media
3797,124.323,62.128,130.844,129.087,Media
3798,124.355,60.471,131.293,129.256,Media
3799,124.391,65.639,131.657,128.804,Media
3800,124.423,66.543,131.983,128.689,Media
3801,124.455,65.243,131.606,129.11,Media
3802,124.487,64.523,131.105,129.607,Media
3803,124.519,63.278,131.061,128.941,Media
3804,124.555,60.591,130.607,128.73,Media
3805,124.587,60.468,131.203,128.987,Media
3806,124.619,64.17,131.973,128.63,Media
3807,124.651,63.43,131.426,129.051,Media
3808,124.683,57.483,130.362,128.44,Media
3809,124.715,52.768,129.886,128.822,Media
3810,124.751,54.629,130.632,129.126,Media
3811,124.783,59.247,131.275,129.034,Media
3812,124.815,60.246,131.61,129.73,Media
3813,124.847,63.92,131.477,129.218,Media
3814,124.879,63.096,131.832,129.086,Media
3815,124.915,62.117,131.039,128.741,Media
3816,124.947,56.796,130.139,128.948,Media
3817,124.979,58.531,130.153,128.082,Media
3818,125.011,62.993,130.608,128.746,Media
3819,125.043,63.028,131.315,128.067,Media
3820,125.079,60.671,131.627,128.462,Media
3821,125.111,61.142,131.131,128.844,Media
3822,125.143,58.62,131.018,128.861,Media
3823,125.175,57.838,131.525,128.844,Media
3824,125.207,60.159,131.674,129.377,Media
3825,125.239,61.873,131.755,128.882,Media
3826,125.275,59.246,131.286,128.438,Media
3827,125.307,56.335,130.301,128.463,Media
3828,125.339,56.933,130.565,128.807,Media
3829,125.371,61.985,131.549,128.976,Media
3830,125.403,64.113,132.074,129.524,Media
3831,125.439,66.946,132.613,129.346,Media
3832,125.471,63.889,131.796,129.466,Media
3833,125.503,59.602,130.641,129.137,Media
3834,125.535,58.201,130.837,129.313,Media
3835,125.567,60.556,131.707,129.124,Media
3836,125.603,63.602,132.0,129.509,Media
3837,125.635,63.038,131.329,129.087,Media
3838,125.667,65.5,131.582,128.743,Media
3839,125.699,63.795,131.372,128.495,Media
3840,125.731,60.492,130.693,128.627,Media
3841,125.763,59.782,130.433,128.645,Media
3842,125.799,61.427,131.34,129.036,Media
3843,125.831,62.14,131.699,128.678,Media
3844,125.863,61.192,131.244,128.973,Media
3845,125.895,59.406,130.733,128.314,Media
3846,125.927,57.405,130.461,128.594,Media
3847,125.963,57.983,130.506,128.701,Media
3848,125.995,62.375,131.096,128.898,Media
3849,126.027,63.18,131.327,128.532,Media
3850,126.059,61.575,131.185,128.496,Media
3851,126.091,59.343,130.513,128.753,Media
3852,126.127,59.317,130.739,128.691,Media
3853,126.159,59.863,130.82,128.571,Media
3854,126.191,59.068,130.969,128.592,Media
3855,126.223,61.169,131.453,128.882,Media
3856,126.255,61.423,131.414,128.743,Media
3857,126.287,61.292,131.035,129.047,Media
3858,126.323,61.034,130.912,128.637,Media
3859,126.355,58.947,130.73,128.716,Media
3860,126.387,63.416,131.164,128.906,Media
3861,126.419,62.339,131.102,128.869,Media
3862,126.451,61.884,131.199,129.531,Media
3863,126.487,59.698,131.046,129.31,Media
3864,126.519,58.556,131.134,128.837,Media
3865,126.551,59.445,130.788,128.771,Media
3866,126.583,64.924,131.953,128.883,Media
3867,126.615,64.043,131.959,128.82,Media
3868,126.651,61.427,131.089,129.053,Media
3869,126.683,57.389,130.607,128.544,Media
3870,126.715,56.298,130.423,128.254,Media
3871,126.747,59.537,130.709,128.703,Media
3872,126.779,59.017,130.931,128.526,Media
3873,126.811,60.396,130.591,128.946,Media
3874,126.847,59.078,130.482,128.782,Media
3875,126.879,55.681,129.785,127.647,Media
3876,126.911,51.037,128.754,127.675,Media
3877,126.943,52.729,129.581,128.28,Media
3878,126.975,56.097,129.981,128.259,Media
3879,127.011,61.558,130.693,128.243,Media
3880,127.043,61.668,130.675,128.681,Media
3881,127.075,57.619,130.233,128.659,Media
3882,127.107,53.59,129.002,128.386,Media
3883,127.139,53.784,129.929,128.919,Media
3884,127.175,57.13,130.774,129.486,Media
3885,127.207,62.403,131.752,129.295,Media
3886,127.239,62.348,131.475,129.625,Media
3887,127.271,59.235,131.139,128.591,Media
3888,127.303,60.849,131.13,128.862,Media
3889,127.335,65.706,132.495,129.355,Media
3890,127.371,63.562,131.76,128.578,Media
3891,127.403,62.393,130.893,128.474,Media
3892,127.435,56.97,130.499,127.74,Media
3893,127.467,58.261,130.57,129.164,Media
3894,127.499,61.488,131.575,128.767,Media
3895,127.535,67.517,132.06,128.813,Media
3896,127.567,66.999,131.727,129.109,Media
3897,127.599,62.32,130.702,128.763,Media
3898,127.631,60.187,130.414,128.58,Media
3899,127.663,56.578,130.535,128.305,Media
3900,127.699,62.438,130.876,128.836,Media
3901,127.731,62.269,131.208,128.53,Media
3902,127.763,60.468,131.089,128.154,Media
3903,127.795,59.156,130.124,127.794,Media
3904,127.827,57.701,130.082,127.589,Media
3905,127.859,58.875,130.735,128.354,Media
3906,127.895,60.244,130.748,128.084,Media
3907,127.927,58.604,130.531,128.027,Media
3908,127.959,61.811,130.538,128.227,Media
3909,127.991,74.23,132.062,129.375,Media
3910,128.023,59.56,130.46,128.113,Media
3911,128.059,60.643,130.529,128.053,Media
3912,128.091,62.059,130.426,128.427,Media
3913,128.123,60.079,130.747,128.877,Media
3914,128.155,60.433,130.881,128.595,Media
3915,128.187,63.964,131.457,128.268,Media
3916,128.223,66.018,131.91,128.493,Media
3917,128.255,61.853,131.176,128.203,Media
3918,128.287,58.727,129.347,128.293,Media
3919,128.319,58.06,130.422,128.02,Media
3920,128.351,62.645,131.176,128.322,Media
3921,128.383,65.932,131.137,128.054,Media
3922,128.419,62.833,130.652,127.158,Media
3923,128.451,57.359,129.835,127.45,Media
3924,128.483,57.839,130.032,127.841,Media
3925,128.515,60.228,130.759,128.128,Media
3926,128.547,61.513,130.9,128.47,Media
3927,128.583,64.849,131.396,128.404,Media
3928,128.615,69.258,131.925,128.746,Media
3929,128.647,57.799,129.847,128.361,Media
3930,128.679,57.32,129.655,128.134,Media
3931,128.711,57.832,130.229,128.276,Media
3932,128.747,62.419,130.836,127.619,Media
3933,128.779,59.97,130.332,127.437,Media
3934,128.811,57.777,129.661,127.616,Media
3935,128.843,57.155,129.932,127.869,Media
3936,128.875,59.063,130.506,128.54,Media
3937,128.907,62.675,131.279,128.652,Media
3938,128.943,62.619,131.447,128.773,Media
3939,128.975,60.692,131.216,128.394,Media
3940,129.007,59.666,130.77,128.668,Media
3941,129.039,60.822,130.809,128.373,Media
3942,129.071,62.711,131.125,128.233,Media
3943,129.107,66.184,131.091,128.117,Media
3944,129.139,62.029,130.599,128.068,Media
3945,129.171,62.186,131.187,128.251,Media
3946,129.203,59.678,130.431,128.117,Media
3947,129.235,60.66,130.683,127.712,Media
3948,129.271,59.628,130.344,127.599,Media
3949,129.303,55.021,129.176,126.969,Media
3950,129.335,56.399,128.74,126.949,Media
3951,129.367,57.827,129.396,127.446,Media
3952,129.399,58.506,130.11,127.678,Media
3953,129.431,59.834,130.399,127.756,Media
3954,129.467,56.71,129.858,128.384,Media
3955,129.499,55.376,129.946,127.534,Media
3956,129.531,58.543,129.8,128.281,Media
3957,129.563,61.461,130.113,127.548,Media
3958,129.595,61.186,129.945,127.072,Media
3959,129.631,56.445,129.619,126.507,Media
3960,129.663,53.874,129.009,127.052,Media
3961,129.695,52.308,128.802,127.308,Media
3962,129.727,53.28,129.288,127.339,Media
3963,129.759,53.158,128.839,127.274,Media
3964,129.795,53.891,129.18,127.56,Media
3965,129.827,56.145,129.884,127.485,Media
3966,129.859,57.952,130.3,127.878,Media
3967,129.891,55.855,129.702,128.583,Media
3968,129.923,52.812,129.921,127.702,Media
3969,129.955,57.053,130.264,128.112,Media
3970,129.991,57.965,131.096,128.251,Media
3971,130.023,59.445,130.529,128.091,Media
3972,130.055,59.311,130.574,127.85,Media
3973,130.087,54.656,129.521,127.81,Media
3974,130.119,54.987,129.445,127.973,Media
3975,130.155,56.397,129.668,127.873,Media
3976,130.187,56.57,129.887,128.081,Media
3977,130.219,57.271,129.892,127.524,Media
3978,130.251,54.365,128.906,127.244,Media
3979,130.283,53.017,129.023,127.471,Media
3980,130.319,53.2,129.067,127.152,Media
3981,130.351,56.688,129.384,127.626,Media
3982,130.383,59.476,130.364,127.796,Media
3983,130.415,58.473,130.445,128.153,Media
3984,130.447,56.409,129.683,127.7,Media
3985,130.479,54.525,129.633,127.916,Media
3986,130.515,51.181,129.16,128.012,Media
3987,130.547,56.919,129.919,127.406,Media
3988,130.579,56.223,130.578,128.128,Media
3989,130.611,58.7,131.024,128.246,Media
3990,130.643,55.02,129.653,127.887,Media
3991,130.679,47.571,128.577,127.724,Media
3992,130.711,51.011,129.457,127.439,Media
3993,130.743,50.771,129.302,127.809,Media
3994,130.775,54.832,129.994,127.811,Media
3995,130.807,57.699,129.961,127.994,Media
3996,130.843,60.051,129.791,128.025,Media
3997,130.875,56.487,129.606,127.514,Media
3998,130.907,55.178,129.49,128.446,Media
3999,130.939,57.257,129.712,128.3,Media
4000,130.971,58.006,129.824,128.098,Media
4001,131.003,54.741,129.188,127.461,Media
4002,131.039,51.624,128.522,127.644,Media
4003,131.071,52.252,129.288,127.359,Media
4004,131.103,52.069,129.144,127.388,Media
4005,131.135,55.526,129.865,127.686,Media
4006,131.167,53.623,129.223,127.557,Media
4007,131.203,53.142,128.846,126.971,Media
4008,131.235,51.07,127.788,126.735,Media
4009,131.267,54.316,128.69,127.271,Media
4010,131.299,54.855,129.166,127.076,Media
4011,131.331,49.306,128.416,126.985,Media
4012,131.367,52.403,129.082,127.586,Media
4013,131.399,51.798,129.02,127.428,Media
4014,131.431,53.27,129.496,127.954,Media
4015,131.463,56.545,129.77,127.537,Media
4016,131.495,56.77,129.858,127.65,Media
4017,131.527,54.47,129.863,127.99,Media
4018,131.563,54.18,129.913,128.076,Media
4019,131.595,51.689,129.108,128.329,Media
4020,131.627,56.126,129.669,128.56,Media
4021,131.659,54.112,129.78,127.926,Media
4022,131.691,54.374,128.979,127.797,Media
4023,131.727,49.811,128.116,126.962,Media
4024,131.759,47.519,127.865,126.971,Media
4025,131.791,51.45,128.909,127.17,Media
4026,131.823,54.706,129.098,127.729,Media
4027,131.855,56.172,129.905,127.622,Media
4028,131.891,56.197,129.469,127.799,Media
4029,131.923,49.894,128.328,127.346,Media
4030,131.955,45.788,127.952,127.049,Media
4031,131.987,51.089,128.923,127.318,Media
4032,132.019,53.407,129.66,127.675,Media
4033,132.051,53.629,130.169,127.216,Media
4034,132.087,49.288,128.492,127.285,Media
4035,132.119,48.837,128.329,127.311,Media
4036,132.151,48.066,128.609,127.472,Media
4037,132.183,53.965,129.363,127.507,Media
4038,132.215,54.518,129.323,127.62,Media
4039,132.251,53.426,129.361,127.502,Media
4040,132.283,50.283,128.694,127.315,Media
4041,132.315,47.483,128.655,127.094,Media
4042,132.347,47.388,128.384,127.427,Media
4043,132.379,53.097,129.06,127.486,Media
4044,132.415,56.036,129.777,127.94,Media
4045,132.447,56.983,130.024,128.326,Media
4046,132.479,53.774,129.029,127.733,Media
4047,132.511,54.186,128.906,127.439,Media
4048,132.543,47.598,128.506,127.612,Media
4049,132.575,48.308,128.965,127.721,Media
4050,132.611,53.729,129.658,127.527,Media
4051,132.643,53.244,129.556,127.487,Media
4052,132.675,54.796,130.009,127.299,Media
4053,132.707,55.873,129.763,127.212,Media
4054,132.739,52.387,129.136,127.609,Media
4055,132.775,52.569,129.098,127.486,Media
4056,132.807,54.08,129.246,127.713,Media
4057,132.839,55.096,129.629,127.581,Media
4058,132.871,56.354,129.796,127.809,Media
4059,132.903,59.014,130.161,127.795,Media
4060,132.939,55.01,129.149,127.434,Media
4061,132.971,53.825,129.169,127.151,Media
4062,133.003,56.581,129.461,127.914,Media
4063,133.035,55.117,129.253,127.685,Media
4064,133.067,53.352,128.811,127.619,Media
4065,133.099,52.596,128.51,127.052,Media
4066,133.135,50.478,128.294,127.418,Media
4067,133.167,52.349,128.855,127.477,Media
4068,133.199,52.264,128.787,127.333,Media
4069,133.231,52.225,128.943,127.684,Media
4070,133.263,49.783,128.414,127.602,Media
4071,133.299,51.243,128.516,127.485,Media
4072,133.331,50.575,128.823,127.807,Media
4073,133.363,51.837,129.247,127.162,Media
4074,133.395,55.529,129.166,127.14,Media
4075,133.427,56.882,129.221,127.521,Media
4076,133.463,55.406,128.827,127.468,Media
4077,133.495,52.464,128.4,127.068,Media
4078,133.527,52.49,129.161,127.672,Media
4079,133.559,57.19,129.687,127.66,Media
4080,133.591,56.702,129.61,127.388,Media
4081,133.623,56.255,129.037,127.349,Media
4082,133.659,51.813,128.154,127.587,Media
4083,133.691,52.198,129.068,127.358,Media
4084,133.723,54.048,129.17,127.258,Media
4085,133.755,53.905,128.889,127.032,Media
4086,133.787,52.956,128.879,127.063,Media
4087,133.823,50.435,128.068,126.696,Media
4088,133.855,49.878,128.342,126.207,Media
4089,133.887,49.993,128.23,127.367,Media
4090,133.919,52.343,128.14,127.212,Media
4091,133.951,50.406,127.824,127.1,Media
4092,133.987,50.849,128.307,127.073,Media
4093,134.019,52.591,128.603,126.78,Media
4094,134.051,51.765,128.397,127.726,Media
4095,134.083,53.351,128.87,126.982,Media
4096,134.115,51.272,128.873,127.565,Media
4097,134.147,52.095,129.201,127.68,Media
4098,134.183,55.895,128.954,127.731,Media
4099,134.215,60.909,130.08,127.927,Media
4100,134.247,62.735,130.773,127.495,Media
4101,134.279,61.206,129.941,127.766,Media
4102,134.311,55.899,129.594,127.896,Media
4103,134.347,56.734,129.626,128.005,Media
4104,134.379,58.571,129.643,127.904,Media
4105,134.411,59.205,129.535,127.627,Media
4106,134.443,56.679,128.681,126.911,Media
4107,134.475,52.472,127.994,126.778,Media
4108,134.511,49.146,127.293,126.854,Media
4109,134.543,51.729,128.242,127.447,Media
4110,134.575,54.423,128.849,127.066,Media
4111,134.607,57.568,129.032,127.467,Media
4112,134.639,56.987,129.076,127.502,Media
4113,134.671,52.022,128.293,127.415,Media
4114,134.707,52.172,128.427,127.189,Media
4115,134.739,52.811,128.536,127.25,Media
4116,134.771,57.609,128.819,126.875,Media
4117,134.803,61.364,129.197,126.943,Media
4118,134.835,59.948,128.752,126.96,Media
4119,134.871,55.471,127.781,127.02,Media
4120,134.903,55.521,128.126,127.067,Media
4121,134.935,55.076,128.37,127.648,Media
4122,134.967,55.627,129.387,127.331,Media
4123,134.999,59.511,129.49,127.102,Media
4124,135.035,59.623,129.189,127.605,Media
4125,135.067,55.28,128.423,127.22,Media
4126,135.099,53.323,127.725,127.409,Media
4127,135.131,51.482,127.788,127.062,Media
4128,135.163,54.696,128.785,127.527,Media
4129,135.195,57.548,128.756,127.094,Media
4130,135.231,56.462,128.498,126.568,Media
4131,135.263,54.145,128.399,126.693,Media
4132,135.295,52.179,127.88,126.746,Media
4133,135.327,53.042,128.298,126.94,Media
4134,135.359,54.79,128.419,127.384,Media
4135,135.395,55.574,128.601,127.313,Media
4136,135.427,56.588,128.657,127.592,Media
4137,135.459,54.17,128.273,127.512,Media
4138,135.491,52.012,127.804,127.15,Media
4139,135.523,48.78,127.458,126.928,Media
4140,135.559,53.985,128.388,127.265,Media
4141,135.591,59.032,129.276,127.342,Media
4142,135.623,58.395,129.462,127.611,Media
4143,135.655,55.239,128.068,127.377,Media
4144,135.687,51.153,127.544,126.813,Media
4145,135.719,50.87,127.775,126.859,Media
4146,135.755,53.689,128.152,126.747,Media
4147,135.787,55.859,128.907,126.625,Media
4148,135.819,55.439,128.763,127.006,Media
4149,135.851,56.892,129.203,127.612,Media
4150,135.883,55.139,128.568,127.182,Media
4151,135.919,56.041,128.655,126.841,Media
4152,135.951,57.672,129.063,126.629,Media
4153,135.983,56.908,128.42,127.429,Media
4154,136.015,54.885,128.264,127.484,Media
4155,136.047,57.505,128.584,126.614,Media
4156,136.083,58.116,129.249,126.647,Media
4157,136.115,59.559,128.857,126.535,Media
4158,136.147,57.394,128.623,127.08,Media
4159,136.179,54.575,128.553,126.614,Media
4160,136.211,54.583,128.326,126.793,Media
4161,136.243,59.829,129.095,127.262,Media
4162,136.279,59.404,128.763,127.002,Media
4163,136.311,59.82,128.404,126.333,Media
4164,136.343,58.099,128.156,126.276,Media
4165,136.375,55.941,128.01,126.498,Media
4166,136.407,59.012,128.787,127.262,Media
4167,136.443,63.929,129.799,127.31,Media
4168,136.475,61.086,128.794,126.972,Media
4169,136.507,57.136,128.219,126.929,Media
4170,136.539,52.401,127.366,126.534,Media
4171,136.571,53.995,128.466,126.827,Media
4172,136.607,55.612,128.905,126.957,Media
4173,136.639,57.685,128.505,127.114,Media
4174,136.671,55.766,127.991,126.649,Media
4175,136.703,54.18,128.171,126.486,Media
4176,136.735,53.248,127.543,126.463,Media
4177,136.767,53.73,127.922,126.717,Media
4178,136.803,57.709,128.405,126.982,Media
4179,136.835,57.915,128.907,127.004,Media
4180,136.867,57.187,128.365,127.177,Media
4181,136.899,55.575,127.664,127.016,Media
4182,136.931,54.28,127.429,127.621,Media
4183,136.967,53.578,128.313,126.819,Media
4184,136.999,57.383,128.961,127.867,Media
4185,137.031,57.142,129.434,127.525,Media
4186,137.063,56.735,128.946,127.238,Media
4187,137.095,53.521,128.424,127.403,Media
4188,137.131,51.601,127.945,127.18,Media
4189,137.163,51.526,127.572,126.662,Media
4190,137.195,53.747,128.524,127.408,Media
4191,137.227,55.577,128.94,127.513,Media
4192,137.259,56.428,128.516,126.844,Media
4193,137.291,56.125,127.92,126.422,Media
4194,137.327,52.319,128.409,126.874,Media
4195,137.359,53.378,128.583,127.427,Media
4196,137.391,55.277,128.509,127.795,Media
4197,137.423,55.898,129.123,127.128,Media
4198,137.455,52.695,127.87,127.456,Media
4199,137.491,47.69,127.366,126.448,Media
4200,137.523,47.927,126.845,126.138,Media
4201,137.555,50.331,127.466,126.508,Media
4202,137.587,52.604,127.689,126.425,Media
4203,137.619,50.576,126.952,126.843,Media
4204,137.655,49.925,126.704,126.623,Media
4205,137.687,47.996,126.929,126.758,Media
4206,137.719,48.615,127.72,126.541,Media
4207,137.751,49.813,127.215,126.395,Media
4208,137.783,53.64,127.693,126.61,Media
4209,137.815,57.603,128.176,127.069,Media
4210,137.851,57.402,128.853,127.246,Media
4211,137.883,54.841,128.027,126.824,Media
4212,137.915,50.004,127.537,127.108,Media
4213,137.947,48.591,127.503,127.388,Media
4214,137.979,50.732,128.042,127.151,Media
4215,138.015,53.985,128.207,126.664,Media
4216,138.047,55.38,128.745,127.225,Media
4217,138.079,54.662,128.469,127.435,Media
4218,138.111,60.323,130.524,128.646,Media
4219,138.143,48.063,127.952,126.924,Media
4220,138.179,52.771,128.763,126.734,Media
4221,138.211,55.38,128.813,126.79,Media
4222,138.243,57.848,128.975,126.704,Media
4223,138.275,56.442,128.363,126.668,Media
4224,138.307,52.199,127.726,126.789,Media
4225,138.339,52.426,128.2,127.027,Media
4226,138.375,54.234,128.69,127.454,Media
4227,138.407,53.806,128.277,127.13,Media
4228,138.439,52.496,127.966,126.521,Media
4229,138.471,48.638,127.649,126.58,Media
4230,138.503,49.381,126.918,126.473,Media
4231,138.539,48.867,127.306,126.79,Media
4232,138.571,49.177,127.175,126.033,Media
4233,138.603,52.9,127.253,125.821,Media
4234,138.635,53.784,127.87,126.351,Media
4235,138.667,53.594,128.16,126.679,Media
4236,138.703,51.369,127.506,126.512,Media
4237,138.735,47.832,127.057,126.17,Media
4238,138.767,46.543,126.36,126.622,Media
4239,138.799,50.349,127.556,126.524,Media
4240,138.831,50.617,127.576,126.652,Media
4241,138.863,50.351,127.396,126.018,Media
4242,138.899,45.63,126.743,126.717,Media
4243,138.931,46.411,127.097,126.289,Media
4244,138.963,48.473,127.313,126.897,Media
4245,138.995,52.148,127.92,127.101,Media
4246,139.027,54.314,128.393,127.309,Media
4247,139.063,52.599,127.963,127.006,Media
4248,139.095,53.481,128.132,126.51,Media
4249,139.127,53.345,128.206,127.105,Media
4250,139.159,54.231,128.451,126.744,Media
4251,139.191,52.927,128.298,126.802,Media
4252,139.227,50.898,127.914,126.521,Media
4253,139.259,49.465,127.735,126.72,Media
4254,139.291,52.789,127.838,126.689,Media
4255,139.323,53.156,127.436,126.204,Media
4256,139.355,52.168,127.254,126.006,Media
4257,139.387,50.874,127.045,125.369,Media
4258,139.423,49.502,127.478,125.184,Media
4259,139.455,55.465,127.654,125.717,Media
4260,139.487,55.207,128.683,126.726,Media
4261,139.519,52.85,127.794,126.513,Media
4262,139.551,51.19,127.394,125.585,Media
4263,139.587,46.94,127.406,126.621,Media
4264,139.619,48.566,127.463,127.159,Media
4265,139.651,53.442,127.98,126.975,Media
4266,139.683,55.517,128.192,127.397,Media
4267,139.715,53.274,128.671,127.47,Media
4268,139.751,50.642,127.897,127.325,Media
4269,139.783,48.909,127.771,126.953,Media
4270,139.815,46.584,126.987,126.591,Media
4271,139.847,47.443,127.498,126.41,Media
4272,139.879,49.585,127.498,126.812,Media
4273,139.911,55.715,128.467,126.443,Media
4274,139.947,51.8,127.966,126.989,Media
4275,139.979,49.558,127.943,126.455,Media
4276,140.011,49.353,127.546,126.719,Media
4277,140.043,47.139,127.43,126.181,Media
4278,140.075,47.751,127.354,126.498,Media
4279,140.111,50.609,127.472,126.22,Media
4280,140.143,51.187,127.228,125.871,Media
4281,140.175,51.632,126.886,126.241,Media
4282,140.207,50.623,127.196,126.441,Media
4283,140.239,51.907,127.153,125.575,Media
4284,140.275,48.901,127.455,126.544,Media
4285,140.307,49.655,127.72,126.709,Media
4286,140.339,52.607,128.006,126.115,Media
4287,140.371,53.738,127.495,126.494,Media
4288,140.403,50.97,127.672,126.779,Media
4289,140.435,52.939,127.514,126.559,Media
4290,140.471,50.379,127.619,126.021,Media
4291,140.503,50.103,127.782,126.217,Media
4292,140.535,52.713,127.912,126.472,Media
4293,140.567,52.959,127.304,126.364,Media
4294,140.599,50.167,127.42,126.129,Media
4295,140.635,48.697,127.063,126.483,Media
4296,140.667,47.213,127.139,126.567,Media
4297,140.699,49.942,127.71,126.0,Media
4298,140.731,51.554,127.327,126.663,Media
4299,140.763,49.306,127.173,125.931,Media
4300,140.799,49.311,126.723,126.017,Media
4301,140.831,49.17,126.759,126.285,Media
4302,140.863,47.649,127.069,126.376,Media
4303,140.895,50.152,126.887,126.306,Media
4304,140.927,50.428,127.552,126.316,Media
4305,140.959,50.869,127.524,126.395,Media
4306,140.995,51.571,127.179,126.073,Media
4307,141.027,49.673,126.694,125.162,Media
4308,141.059,49.124,127.149,126.313,Media
4309,141.091,48.948,127.518,126.811,Media
4310,141.123,50.596,127.636,126.363,Media
4311,141.159,50.712,127.405,126.674,Media
4312,141.191,50.485,127.948,126.344,Media
4313,141.223,54.382,128.424,126.862,Media
4314,141.255,52.883,128.397,127.212,Media
4315,141.287,56.721,128.681,127.33,Media
4316,141.323,56.27,128.537,127.489,Media
4317,141.355,54.905,128.759,127.336,Media
4318,141.387,55.246,128.563,126.6,Media
4319,141.419,56.978,128.431,125.503,Media
4320,141.451,60.04,127.601,125.5,Media
4321,141.483,58.073,127.562,125.534,Media
4322,141.519,54.761,127.594,126.318,Media
4323,141.551,55.779,127.322,126.632,Media
4324,141.583,54.044,128.307,127.259,Media
4325,141.615,53.799,127.608,126.189,Media
4326,141.647,53.518,127.207,125.405,Media
4327,141.683,54.103,127.59,125.301,Media
4328,141.715,54.195,127.236,125.716,Media
4329,141.747,51.307,127.205,125.734,Media
4330,141.779,49.03,127.013,125.724,Media
4331,141.811,51.799,127.564,126.306,Media
4332,141.847,54.863,128.206,126.179,Media
4333,141.879,55.603,127.791,126.76,Media
4334,141.911,55.351,128.534,126.619,Media
4335,141.943,53.527,127.722,126.727,Media
4336,141.975,53.67,126.965,126.122,Media
4337,142.007,49.593,127.377,126.421,Media
4338,142.043,51.796,127.714,126.577,Media
4339,142.075,52.832,127.921,126.229,Media
4340,142.107,52.982,127.33,126.41,Media
4341,142.139,48.458,126.633,126.338,Media
4342,142.171,47.049,126.489,125.456,Media
4343,142.207,46.719,126.893,125.745,Media
4344,142.239,49.687,126.766,125.657,Media
4345,142.271,51.554,127.044,125.23,Media
4346,142.303,46.537,126.505,125.594,Media
4347,142.335,45.804,126.587,125.858,Media
4348,142.371,47.067,127.046,125.977,Media
4349,142.403,48.516,126.647,125.843,Media
4350,142.435,48.077,126.946,126.12,Media
4351,142.467,52.271,127.245,125.368,Media
4352,142.499,50.159,127.194,125.522,Media
4353,142.531,51.363,127.107,126.132,Media
4354,142.567,50.095,127.176,126.591,Media
4355,142.599,51.202,126.947,125.635,Media
4356,142.631,51.696,127.494,125.842,Media
4357,142.663,49.461,126.981,126.793,Media
4358,142.695,53.164,127.715,126.407,Media
4359,142.731,55.746,128.567,126.115,Media
4360,142.763,56.206,127.979,125.619,Media
4361,142.795,55.779,127.091,125.398,Media
4362,142.827,51.547,127.313,126.412,Media
4363,142.859,51.166,127.298,126.117,Media
4364,142.895,53.615,127.575,125.384,Media
4365,142.927,53.65,127.388,125.657,Media
4366,142.959,52.668,127.324,125.434,Media
4367,142.991,46.002,126.52,125.724,Media
4368,143.023,43.847,126.208,126.285,Media
4369,143.055,43.848,126.175,125.905,Media
4370,143.091,46.818,126.186,126.153,Media
4371,143.123,46.09,126.256,126.129,Media
4372,143.155,48.09,126.758,125.474,Media
4373,143.187,50.554,127.105,125.961,Media
4374,143.219,48.896,126.687,125.519,Media
4375,143.255,47.957,127.073,125.555,Media
4376,143.287,46.188,126.696,126.264,Media
4377,143.319,46.976,126.592,126.48,Media
4378,143.351,48.632,126.958,126.991,Media
4379,143.383,50.058,127.899,126.372,Media
4380,143.419,50.209,127.776,127.037,Media
4381,143.451,46.831,126.687,126.21,Media
4382,143.483,46.321,126.699,125.869,Media
4383,143.515,48.774,127.031,125.546,Media
4384,143.547,52.206,126.841,126.032,Media
4385,143.579,52.101,126.837,125.451,Media
4386,143.615,49.96,126.364,126.0,Media
4387,143.647,48.788,126.728,126.367,Media
4388,143.679,49.373,127.01,126.006,Media
4389,143.711,49.431,127.74,126.387,Media
4390,143.743,51.383,127.748,126.26,Media
4391,143.779,49.509,127.071,125.588,Media
4392,143.811,47.925,126.267,125.227,Media
4393,143.843,50.947,126.547,125.314,Media
4394,143.875,49.401,127.079,126.248,Media
4395,143.907,54.521,126.851,125.552,Media
4396,143.943,51.368,126.895,126.245,Media
4397,143.975,51.436,127.3,125.906,Media
4398,144.007,49.929,127.03,125.441,Media
4399,144.039,46.195,126.435,125.764,Media
4400,144.071,47.001,126.651,126.247,Media
4401,144.103,49.851,127.441,125.989,Media
4402,144.139,52.564,127.869,126.001,Media
4403,144.171,50.465,126.602,125.68,Media
4404,144.203,47.881,126.122,125.771,Media
4405,144.235,42.497,126.042,126.127,Media
4406,144.267,44.926,126.544,125.817,Media
4407,144.303,48.901,127.064,126.783,Media
4408,144.335,49.074,127.43,126.013,Media
4409,144.367,50.143,127.233,126.42,Media
4410,144.399,51.043,127.609,126.009,Media
4411,144.431,49.772,127.041,126.586,Media
4412,144.467,51.196,127.811,127.163,Media
4413,144.499,49.169,127.963,127.044,Media
4414,144.531,50.734,128.001,126.447,Media
4415,144.563,48.734,127.253,126.649,Media
4416,144.595,46.938,127.067,126.275,Media
4417,144.627,44.341,126.56,126.142,Media
4418,144.663,50.126,127.288,125.403,Media
4419,144.695,49.709,126.892,125.636,Media
4420,144.727,50.669,127.4,126.597,Media
4421,144.759,50.311,126.968,126.264,Media
4422,144.791,48.846,126.142,125.365,Media
4423,144.827,48.078,126.37,125.307,Media
4424,144.859,48.576,126.408,125.469,Media
4425,144.891,53.162,126.986,125.062,Media
4426,144.923,57.43,127.273,125.357,Media
4427,144.955,54.671,127.252,125.775,Media
4428,144.991,47.211,126.26,125.908,Media
4429,145.023,45.399,125.761,126.079,Media
4430,145.055,45.368,126.354,126.091,Media
4431,145.087,49.416,126.294,125.982,Media
4432,145.119,52.634,126.972,125.569,Media
4433,145.151,52.466,126.977,125.522,Media
4434,145.187,50.339,126.948,125.923,Media
4435,145.219,49.092,126.728,125.544,Media
4436,145.251,47.741,126.506,125.564,Media
4437,145.283,51.209,126.931,125.673,Media
4438,145.315,56.755,127.295,124.621,Media
4439,145.351,53.905,127.21,125.306,Media
4440,145.383,48.484,126.399,125.841,Media
4441,145.415,43.879,125.949,125.822,Media
4442,145.447,43.679,126.055,126.121,Media
4443,145.479,47.607,126.667,125.706,Media
4444,145.515,49.673,127.483,124.852,Media
4445,145.547,51.156,127.168,125.907,Media
4446,145.579,49.215,126.969,125.942,Media
4447,145.611,49.907,126.514,125.646,Media
4448,145.643,46.325,126.265,125.413,Media
4449,145.675,45.645,126.362,126.427,Media
4450,145.711,50.937,127.298,125.507,Media
4451,145.743,50.82,127.105,126.272,Media
4452,145.775,48.578,127.075,126.292,Media
4453,145.807,47.219,126.009,125.44,Media
4454,145.839,49.058,125.891,125.505,Media
4455,145.875,45.654,126.664,126.027,Media
4456,145.907,48.83,126.326,126.318,Media
4457,145.939,48.405,126.616,125.097,Media
4458,145.971,46.25,126.206,125.645,Media
4459,146.003,45.984,126.034,125.234,Media
4460,146.039,44.835,126.142,124.364,Media
4461,146.071,44.852,126.205,125.457,Media
4462,146.103,47.118,126.289,125.469,Media
4463,146.135,50.922,126.395,125.303,Media
4464,146.167,51.751,126.263,125.031,Media
4465,146.199,52.338,126.554,125.03,Media
4466,146.235,50.172,126.954,125.5,Media
4467,146.267,49.026,126.726,125.467,Media
4468,146.299,48.054,126.677,125.554,Media
4469,146.331,48.691,127.372,125.785,Media
4470,146.363,49.688,127.057,125.911,Media
4471,146.399,48.998,127.073,125.652,Media
4472,146.431,50.737,126.417,124.919,Media
4473,146.463,52.599,126.51,124.903,Media
4474,146.495,52.433,126.312,124.845,Media
4475,146.527,49.459,126.4,125.181,Media
4476,146.563,48.162,125.858,124.815,Media
4477,146.595,42.513,125.708,125.207,Media
4478,146.627,46.005,126.012,125.787,Media
4479,146.659,45.906,126.12,125.825,Media
4480,146.691,48.214,126.852,125.24,Media
4481,146.723,48.574,126.861,125.526,Media
4482,146.759,47.254,126.832,125.722,Media
4483,146.791,46.133,126.422,125.692,Media
4484,146.823,47.163,126.379,125.821,Media
4485,146.855,49.002,126.583,125.907,Media
4486,146.887,46.116,126.317,125.764,Media
4487,146.923,45.046,125.998,125.951,Media
4488,146.955,44.722,125.946,125.995,Media
4489,146.987,43.03,126.292,126.316,Media
4490,147.019,46.809,126.79,126.242,Media
4491,147.051,48.926,126.681,126.01,Media
4492,147.087,46.637,126.867,125.597,Media
4493,147.119,46.368,125.929,125.702,Media
4494,147.151,45.142,125.189,125.896,Media
4495,147.183,44.185,126.177,125.984,Media
4496,147.215,44.619,126.397,126.306,Media
4497,147.247,45.535,125.177,125.697,Media
4498,147.283,41.548,125.456,124.886,Media
4499,147.315,43.119,125.359,124.871,Media
4500,147.347,46.807,125.581,124.368,Media
4501,147.379,48.125,126.188,124.4,Media
4502,147.411,44.244,126.268,125.191,Media
4503,147.447,42.806,125.557,125.886,Media
4504,147.479,44.826,125.838,125.248,Media
4505,147.511,45.916,126.353,125.846,Media
4506,147.543,49.141,126.423,125.559,Media
4507,147.575,49.676,126.771,125.324,Media
4508,147.611,46.079,127.046,125.95,Media
4509,147.643,47.863,126.826,125.01,Media
4510,147.675,46.959,126.202,125.243,Media
4511,147.707,48.126,126.167,126.378,Media
4512,147.739,49.506,126.424,126.452,Media
4513,147.771,50.969,126.97,125.362,Media
4514,147.807,49.115,126.35,124.959,Media
4515,147.839,46.087,126.404,125.162,Media
4516,147.871,47.995,126.551,125.347,Media
4517,147.903,47.674,126.165,125.381,Media
4518,147.935,48.004,125.986,125.209,Media
4519,147.971,48.08,125.739,125.112,Media
4520,148.003,47.727,125.641,125.395,Media
4521,148.035,48.136,126.522,124.316,Media
4522,148.067,47.986,125.718,124.863,Media
4523,148.099,52.032,125.93,124.653,Media
4524,148.135,50.835,125.435,123.85,Media
4525,148.167,43.512,125.605,124.822,Media
4526,148.199,45.68,125.172,124.63,Media
4527,148.231,45.361,125.835,124.471,Media
4528,148.263,46.42,125.759,125.202,Media
4529,148.295,48.125,126.508,125.248,Media
4530,148.331,43.756,126.49,126.036,Media
4531,148.363,41.835,125.463,126.559,Media
4532,148.395,43.001,125.821,126.488,Media
4533,148.427,47.39,126.231,126.721,Media
4534,148.459,49.27,127.149,125.98,Media
4535,148.495,49.27,126.751,126.34,Media
4536,148.527,45.913,125.887,125.99,Media
4537,148.559,44.335,125.19,125.532,Media
4538,148.591,42.611,124.885,125.724,Media
4539,148.623,45.954,125.476,125.526,Media
4540,148.659,47.36,126.159,125.625,Media
4541,148.691,43.296,125.99,125.691,Media
4542,148.723,40.486,125.389,125.001,Media
4543,148.755,38.436,124.755,125.842,Media
4544,148.787,39.981,125.228,126.171,Media
4545,148.819,43.056,126.019,126.069,Media
4546,148.855,45.37,126.317,126.046,Media
4547,148.887,44.368,126.143,125.332,Media
4548,148.919,39.522,124.898,126.041,Media
4549,148.951,41.543,125.316,125.351,Media
4550,148.983,41.23,125.607,125.404,Media
4551,149.019,45.399,126.216,125.362,Media
4552,149.051,46.429,126.089,125.689,Media
4553,149.083,47.679,126.281,126.585,Media
4554,149.115,44.6,126.059,126.325,Media
4555,149.147,43.934,125.747,125.71,Media
4556,149.183,44.29,125.83,124.993,Media
4557,149.215,45.282,125.878,125.495,Media
4558,149.247,46.818,126.388,125.755,Media
4559,149.279,46.598,126.348,125.717,Media
4560,149.311,52.439,126.416,125.008,Media
4561,149.343,53.732,125.747,123.611,Media
4562,149.379,48.276,124.595,123.915,Media
4563,149.411,44.961,125.36,125.161,Media
4564,149.443,46.582,125.816,125.526,Media
4565,149.475,47.055,126.42,125.487,Media
4566,149.507,39.587,125.177,125.286,Media
4567,149.543,37.272,124.726,125.365,Media
4568,149.575,38.306,125.372,125.081,Media
4569,149.607,41.892,125.593,125.738,Media
4570,149.639,45.853,126.16,125.707,Media
4571,149.671,47.028,126.632,125.434,Media
4572,149.707,47.052,125.889,124.959,Media
4573,149.739,45.044,125.206,124.847,Media
4574,149.771,41.706,124.605,125.735,Media
4575,149.803,41.919,125.468,125.298,Media
4576,149.835,46.786,126.265,125.461,Media
4577,149.867,49.422,126.597,124.557,Media
4578,149.903,47.727,126.214,125.185,Media
4579,149.935,48.244,125.883,124.717,Media
4580,149.967,48.356,125.783,125.418,Media
4581,149.999,51.356,125.564,123.842,Media
4582,150.031,51.982,125.571,124.374,Media
4583,150.067,48.972,125.691,124.262,Media
4584,150.099,48.583,125.16,124.707,Media
4585,150.131,48.686,125.517,124.056,Media
4586,150.164,46.873,125.571,124.405,Media
4587,150.195,49.151,125.739,124.402,Media
4588,150.232,48.572,126.26,124.414,Media
4589,150.263,47.299,126.023,124.597,Media
4590,150.295,46.533,125.312,124.767,Media
4591,150.328,45.451,125.76,124.538,Media
4592,150.359,48.771,125.92,125.323,Media
4593,150.391,52.105,126.326,124.36,Media
4594,150.427,50.684,125.093,123.535,Media
4595,150.459,47.631,125.811,124.456,Media
4596,150.491,45.637,125.799,125.134,Media
4597,150.523,45.987,126.299,125.203,Media
4598,150.555,48.657,125.946,125.153,Media
4599,150.591,49.602,126.787,124.701,Media
4600,150.624,45.398,126.116,125.355,Media
4601,150.655,43.795,126.669,124.819,Media
4602,150.687,40.91,125.517,125.751,Media
4603,150.719,44.428,125.369,125.436,Media
4604,150.755,45.227,126.036,125.401,Media
4605,150.787,43.952,126.678,125.591,Media
4606,150.819,40.108,126.181,125.47,Media
4607,150.851,41.841,125.995,125.072,Media
4608,150.883,44.297,126.287,124.938,Media
4609,150.915,44.864,125.972,124.794,Media
4610,150.951,45.849,126.891,125.206,Media
4611,150.983,47.527,127.16,125.814,Media
4612,151.016,45.393,126.762,125.861,Media
4613,151.047,44.114,126.02,125.949,Media
4614,151.079,44.176,125.049,125.182,Media
4615,151.115,39.372,125.121,125.265,Media
4616,151.148,40.804,125.865,125.815,Media
4617,151.179,43.099,126.311,126.128,Media
4618,151.211,43.945,126.63,125.959,Media
4619,151.243,39.806,125.569,126.134,Media
4620,151.279,35.979,125.544,125.276,Media
4621,151.311,37.228,125.49,125.569,Media
4622,151.343,40.694,126.299,125.75,Media
4623,151.375,41.755,125.555,125.547,Media
4624,151.407,43.805,125.75,125.73,Media
4625,151.439,43.812,126.124,125.32,Media
4626,151.475,41.62,125.707,125.101,Media
4627,151.507,41.189,125.69,125.062,Media
4628,151.54,44.2,125.807,124.96,Media
4629,151.571,44.958,125.851,124.876,Media
4630,151.603,43.086,125.845,125.62,Media
4631,151.639,41.166,125.637,125.284,Media
4632,151.672,41.991,125.439,125.643,Media
4633,151.703,43.449,125.844,124.964,Media
4634,151.736,43.873,125.672,124.696,Media
4635,151.768,44.955,125.629,124.618,Media
4636,151.804,42.647,125.072,125.349,Media
4637,151.836,41.811,124.882,124.701,Media
4638,151.867,41.005,125.075,124.718,Media
4639,151.9,38.221,125.337,125.567,Media
4640,151.931,38.284,125.57,124.51,Media
4641,151.964,40.701,126.076,124.719,Media
4642,152.0,40.892,125.534,125.192,Media
4643,152.032,40.004,125.714,125.82,Media
4644,152.063,40.174,125.92,125.504,Media
4645,152.096,39.305,125.79,125.499,Media
4646,152.127,43.195,125.519,125.15,Media
4647,152.163,44.093,125.319,125.253,Media
4648,152.196,46.809,125.737,124.036,Media
4649,152.227,43.198,125.77,124.976,Media
4650,152.26,41.612,125.932,125.736,Media
4651,152.292,45.498,125.689,124.82,Media
4652,152.328,42.698,125.531,125.025,Media
4653,152.36,45.05,125.208,124.711,Media
4654,152.392,46.797,125.553,124.345,Media
4655,152.424,48.688,125.751,124.072,Media
4656,152.456,43.819,126.528,125.92,Media
4657,152.487,47.211,125.411,125.234,Media
4658,152.524,42.159,125.065,125.396,Media
4659,152.556,40.858,125.685,125.283,Media
4660,152.587,43.534,125.749,125.428,Media
4661,152.62,44.68,126.23,125.196,Media
4662,152.651,44.941,126.375,125.781,Media
4663,152.687,46.295,126.401,125.316,Media
4664,152.72,45.386,126.602,125.661,Media
4665,152.751,47.372,126.267,124.657,Media
4666,152.784,47.469,125.242,123.639,Media
4667,152.815,42.76,125.083,125.004,Media
4668,152.852,47.25,125.136,125.064,Media
4669,152.884,49.072,125.919,124.967,Media
4670,152.916,47.737,126.806,125.218,Media
4671,152.948,43.939,126.256,125.134,Media
4672,152.979,44.422,124.991,124.352,Media
4673,153.012,43.525,125.085,124.065,Media
4674,153.048,43.689,125.305,124.728,Media
4675,153.08,45.957,125.472,124.633,Media
4676,153.112,44.599,125.61,124.963,Media
4677,153.144,43.006,125.341,125.063,Media
4678,153.176,43.542,126.236,124.337,Media
4679,153.211,42.004,125.349,125.063,Media
4680,153.244,41.553,124.912,125.081,Media
4681,153.276,38.698,125.121,124.893,Media
4682,153.307,41.453,125.272,125.229,Media
4683,153.34,41.332,125.634,125.128,Media
4684,153.376,39.381,125.736,125.076,Media
4685,153.408,39.9,125.699,125.31,Media
4686,153.439,38.575,125.257,125.129,Media
4687,153.472,38.822,125.366,124.996,Escura
4688,153.503,43.435,125.36,124.664,Escura
4689,153.536,45.3,125.835,124.354,Escura
4690,153.572,43.01,125.622,125.629,Escura
4691,153.603,43.73,125.639,125.782,Escura
4692,153.636,42.586,125.677,126.07,Escura
4693,153.667,40.285,125.787,125.621,Escura
4694,153.699,39.659,125.273,125.672,Escura
4695,153.735,41.974,125.359,124.7,Escura
4696,153.768,44.257,125.393,124.567,Escura
4697,153.8,48.472,125.713,124.343,Escura
4698,153.832,48.005,125.749,124.324,Escura
4699,153.864,48.308,125.095,124.039,Escura
4700,153.9,44.678,124.775,124.795,Escura
4701,153.931,43.782,125.141,124.854,Escura
4702,153.964,50.65,125.423,124.111,Escura
4703,153.995,52.323,125.303,123.597,Escura
4704,154.028,46.177,125.473,125.142,Escura
4705,154.06,52.849,125.829,124.805,Escura
4706,154.096,54.209,125.938,124.445,Escura
4707,154.127,52.362,125.191,124.021,Escura
4708,154.16,50.513,124.864,122.472,Escura
4709,154.191,52.412,125.489,123.002,Escura
4710,154.223,53.34,125.414,123.096,Escura
4711,154.259,49.782,125.295,124.349,Escura
4712,154.292,47.022,124.513,124.385,Escura
4713,154.324,45.499,124.457,123.956,Escura
4714,154.356,48.166,124.437,122.88,Escura
4715,154.388,48.018,124.319,123.719,Escura
4716,154.424,43.974,125.157,124.204,Escura
4717,154.456,45.027,124.772,124.016,Escura
4718,154.488,44.934,124.666,124.671,Escura
4719,154.52,45.313,125.131,124.43,Escura
4720,154.552,44.887,124.776,123.967,Escura
4721,154.584,46.472,124.805,123.907,Escura
4722,154.62,46.972,125.695,124.464,Escura
4723,154.652,50.547,125.695,124.896,Escura
4724,154.684,49.906,125.695,123.78,Escura
4725,154.716,47.653,125.529,124.493,Escura
4726,154.748,50.87,125.061,124.19,Escura
4727,154.784,49.205,125.471,124.419,Escura
4728,154.816,48.043,125.65,124.814,Escura
4729,154.848,49.044,125.462,124.498,Escura
4730,154.88,52.991,124.817,122.94,Escura
4731,154.912,48.653,125.013,123.709,Escura
4732,154.948,44.411,125.203,124.537,Escura
4733,154.98,44.458,124.691,124.238,Escura
4734,155.012,44.48,124.562,124.198,Escura
4735,155.044,43.516,124.616,123.755,Escura
4736,155.076,47.018,124.965,123.767,Escura
4737,155.108,44.735,124.265,123.688,Escura
4738,155.144,42.915,124.508,124.428,Escura
4739,155.176,42.77,124.643,125.2,Escura
4740,155.208,47.87,125.111,124.659,Escura
4741,155.24,43.484,124.472,124.782,Escura
4742,155.272,44.099,124.42,124.826,Escura
4743,155.308,44.746,124.721,124.668,Escura
4744,155.34,44.064,125.094,125.132,Escura
4745,155.372,46.57,125.595,124.542,Escura
4746,155.404,50.15,124.908,123.431,Escura
4747,155.436,47.154,125.295,124.144,Escura
4748,155.472,44.552,125.102,124.552,Escura
4749,155.504,45.81,125.535,124.897,Escura
4750,155.536,49.046,125.852,125.169,Escura
4751,155.568,47.238,125.668,124.378,Escura
4752,155.6,48.377,124.989,124.054,Escura
4753,155.632,46.264,124.536,124.072,Escura
4754,155.668,44.473,125.165,124.711,Escura
4755,155.7,44.834,125.026,124.429,Escura
4756,155.732,44.503,125.344,125.478,Escura
4757,155.764,49.791,125.638,124.026,Escura
4758,155.796,53.984,125.254,124.366,Escura
4759,155.832,48.855,124.807,124.449,Escura
4760,155.864,43.653,124.262,124.827,Escura
4761,155.896,42.367,124.934,124.563,Escura
4762,155.928,46.756,124.956,124.228,Escura
4763,155.96,46.053,124.904,124.224,Escura
4764,155.996,47.442,124.238,124.338,Escura
4765,156.028,47.236,124.258,123.775,Escura
4766,156.06,46.452,124.417,124.02,Escura
4767,156.092,46.711,124.501,123.266,Escura
4768,156.124,46.995,124.753,123.025,Escura
4769,156.156,48.744,123.78,122.825,Escura
4770,156.192,45.251,124.154,123.944,Escura
4771,156.224,45.525,124.442,124.155,Escura
4772,156.256,44.534,124.165,124.05,Escura
4773,156.288,46.484,124.371,123.883,Escura
4774,156.32,47.379,124.442,124.247,Escura
4775,156.356,55.717,125.141,122.392,Escura
4776,156.388,54.026,124.489,122.708,Escura
4777,156.42,48.391,123.498,123.193,Escura
4778,156.452,41.701,123.406,123.905,Escura
4779,156.484,44.892,123.935,124.001,Escura
4780,156.52,47.841,124.661,123.622,Escura
4781,156.552,51.117,124.673,123.025,Escura
4782,156.584,47.891,124.145,123.418,Escura
4783,156.616,45.673,124.397,123.369,Escura
4784,156.648,43.784,123.771,123.894,Escura
4785,156.68,43.59,124.031,123.094,Escura
4786,156.716,51.279,123.812,122.902,Escura
4787,156.748,55.518,123.892,122.351,Escura
4788,156.78,48.98,124.257,123.27,Escura
4789,156.812,45.432,124.335,124.209,Escura
4790,156.844,46.641,124.232,123.382,Escura
4791,156.88,45.191,124.091,122.809,Escura
4792,156.912,47.694,123.621,123.272,Escura
4793,156.944,45.71,124.478,123.728,Escura
4794,156.976,53.479,124.028,122.126,Escura
4795,157.008,44.639,124.217,123.995,Escura
4796,157.044,43.705,124.579,123.933,Escura
4797,157.076,43.444,123.984,124.147,Escura
4798,157.108,38.056,124.152,124.802,Escura
4799,157.14,46.908,124.802,123.74,Escura
4800,157.172,49.357,124.882,123.636,Escura
4801,157.204,49.209,124.741,123.685,Escura
4802,157.24,48.743,124.493,123.562,Escura
4803,157.272,47.781,124.528,123.398,Escura
4804,157.304,42.717,123.829,124.45,Escura
4805,157.336,44.859,124.099,123.998,Escura
4806,157.368,45.739,124.217,123.852,Escura
4807,157.404,49.618,124.778,123.776,Escura
4808,157.436,52.491,124.361,122.75,Escura
4809,157.468,50.703,124.704,123.688,Escura
4810,157.5,48.259,124.169,123.701,Escura
4811,157.532,52.249,123.34,122.439,Escura
4812,157.568,48.414,124.023,123.113,Escura
4813,157.6,56.535,124.693,121.551,Escura
4814,157.632,62.501,124.496,121.676,Escura
4815,157.664,49.529,124.599,123.882,Escura
4816,157.696,50.405,124.79,123.971,Escura
4817,157.728,55.232,124.648,123.283,Escura
4818,157.764,46.262,124.314,124.138,Escura
4819,157.796,45.83,124.217,124.391,Escura
4820,157.828,51.98,124.652,122.919,Escura
4821,157.86,53.778,124.539,123.001,Escura
4822,157.892,49.59,124.4,123.54,Escura
4823,157.928,43.781,123.877,123.913,Escura
4824,157.96,42.871,123.814,123.788,Escura
4825,157.992,42.247,124.067,124.055,Escura
4826,158.024,48.491,124.38,123.118,Escura
4827,158.056,53.195,124.664,122.446,Escura
4828,158.092,49.491,124.707,123.343,Escura
4829,158.124,50.513,124.311,123.557,Escura
4830,158.156,49.973,124.377,124.088,Escura
4831,158.188,44.252,123.887,124.174,Escura
4832,158.22,48.006,124.564,124.1,Escura
4833,158.252,52.798,125.111,123.688,Escura
4834,158.288,50.085,124.39,124.012,Escura
4835,158.32,48.957,124.912,123.755,Escura
4836,158.352,48.752,124.79,123.959,Escura
4837,158.384,48.768,124.76,123.2,Escura
4838,158.416,56.614,123.638,121.729,Escura
4839,158.452,48.951,124.262,123.209,Escura
4840,158.484,50.404,124.768,123.104,Escura
4841,158.516,51.227,124.935,122.914,Escura
4842,158.548,51.846,124.704,122.193,Escura
4843,158.58,42.093,124.199,124.079,Escura
4844,158.616,45.541,124.666,124.032,Escura
4845,158.648,48.438,124.557,122.88,Escura
4846,158.68,51.628,123.969,122.561,Escura
4847,158.712,48.921,124.46,122.036,Escura
4848,158.744,46.275,124.04,123.954,Escura
4849,158.776,46.181,124.15,123.654,Escura
4850,158.812,53.528,123.889,122.038,Escura
4851,158.844,60.862,123.676,119.823,Escura
4852,158.876,54.206,124.651,121.663,Escura
4853,158.908,51.979,124.346,123.911,Escura
4854,158.94,53.052,124.242,123.086,Escura
4855,158.976,49.674,124.379,123.432,Escura
4856,159.008,50.982,124.167,123.306,Escura
4857,159.04,48.964,123.646,123.274,Escura
4858,159.072,49.721,124.286,123.142,Escura
4859,159.104,57.101,123.742,120.722,Escura
4860,159.14,58.379,123.654,121.765,Escura
4861,159.172,48.585,124.478,122.838,Escura
4862,159.204,47.527,123.839,122.459,Escura
4863,159.236,47.649,124.049,122.929,Escura
4864,159.268,46.703,124.969,123.348,Escura
4865,159.3,47.31,124.228,123.307,Escura
4866,159.336,48.494,124.165,123.878,Escura
4867,159.368,49.127,124.356,122.574,Escura
4868,159.4,49.857,124.425,122.815,Escura
4869,159.432,47.354,124.547,124.153,Escura
4870,159.464,48.302,124.997,123.262,Escura
4871,159.5,46.737,124.505,123.324,Escura
4872,159.532,47.013,124.438,123.716,Escura
4873,159.564,50.557,124.961,123.405,Escura
4874,159.596,60.84,124.695,121.289,Escura
4875,159.628,58.616,124.934,121.386,Escura
4876,159.664,55.163,124.204,122.265,Escura
4877,159.696,53.227,124.206,123.056,Escura
4878,159.728,52.255,124.729,122.707,Escura
4879,159.76,48.238,124.269,123.166,Escura
4880,159.792,51.084,124.995,123.539,Escura
4881,159.824,52.017,124.908,123.353,Escura
4882,159.86,50.816,124.949,123.607,Escura
4883,159.892,56.075,123.982,121.922,Escura
4884,159.924,53.203,123.836,123.036,Escura
4885,159.956,44.161,123.757,123.974,Escura
4886,159.988,45.816,124.512,124.055,Escura
4887,160.024,48.141,124.541,124.002,Escura
4888,160.056,55.904,123.917,122.249,Escura
4889,160.088,48.588,124.178,123.139,Escura
4890,160.12,51.047,124.448,123.283,Escura
4891,160.152,50.049,124.38,123.061,Escura
4892,160.188,48.506,124.22,122.833,Escura
4893,160.22,49.085,124.5,122.58,Escura
4894,160.252,49.16,124.596,123.111,Escura
4895,160.284,47.775,124.572,122.441,Escura
4896,160.316,46.517,124.263,123.455,Escura
4897,160.348,47.28,124.532,123.202,Escura
4898,160.384,50.446,124.62,122.476,Escura
4899,160.416,47.996,124.745,123.43,Escura
4900,160.448,46.393,124.607,123.334,Escura
4901,160.48,41.438,124.346,124.423,Escura
4902,160.512,41.662,124.533,124.164,Escura
4903,160.548,44.426,124.498,124.203,Escura
4904,160.58,56.231,124.234,121.454,Escura
4905,160.612,47.921,124.456,122.972,Escura
4906,160.644,45.932,124.631,123.053,Escura
4907,160.676,46.747,124.612,123.578,Escura
4908,160.712,47.836,124.705,123.481,Escura
4909,160.744,49.279,124.582,123.183,Escura
4910,160.776,48.519,125.506,122.91,Escura
4911,160.808,51.496,124.802,123.305,Escura
4912,160.84,52.172,124.531,121.933,Escura
4913,160.872,49.245,124.881,122.1,Escura
4914,160.908,49.755,124.751,122.264,Escura
4915,160.94,49.537,124.967,122.445,Escura
4916,160.972,48.856,124.884,122.994,Escura
4917,161.004,50.979,124.413,122.517,Escura
4918,161.036,53.341,125.376,122.126,Escura
4919,161.072,50.624,124.923,122.896,Escura
4920,161.104,51.212,124.967,122.361,Escura
4921,161.136,54.887,125.02,122.221,Escura
4922,161.168,56.974,125.086,122.056,Escura
4923,161.2,61.377,124.866,120.756,Escura
4924,161.236,63.057,124.508,120.321,Escura
4925,161.268,58.853,125.0,121.456,Escura
4926,161.3,54.79,124.712,121.93,Escura
4927,161.332,50.233,124.919,122.234,Escura
4928,161.364,50.806,124.867,122.97,Escura
4929,161.396,51.535,124.882,122.219,Escura
4930,161.432,49.785,124.5,122.558,Escura
4931,161.464,47.527,124.973,123.244,Escura
4932,161.496,46.048,124.49,122.864,Escura
4933,161.528,44.397,124.935,123.159,Escura
4934,161.56,46.37,124.618,123.04,Escura
4935,161.596,47.973,125.183,122.02,Escura
4936,161.628,50.862,124.997,122.057,Escura
4937,161.66,51.725,124.717,121.62,Escura
4938,161.692,55.004,124.33,121.992,Escura
4939,161.724,50.713,125.242,123.053,Escura
4940,161.76,50.859,125.6,123.442,Escura
4941,161.792,56.095,125.026,122.097,Escura
4942,161.824,67.424,125.436,119.456,Escura
4943,161.856,63.961,124.877,120.49,Escura
4944,161.888,63.095,124.544,119.664,Escura
4945,161.92,47.753,125.108,122.821,Escura
4946,161.956,57.796,124.981,121.844,Escura
4947,161.988,70.637,125.569,119.638,Escura
4948,162.02,58.178,125.455,121.624,Escura
4949,162.052,55.093,125.2,122.034,Escura
4950,162.084,52.849,125.021,121.779,Escura
4951,162.12,54.14,125.141,121.83,Escura
4952,162.152,50.993,124.866,122.057,Escura
4953,162.184,51.787,125.199,122.433,Escura
4954,162.216,50.768,125.128,122.927,Escura
4955,162.248,50.326,125.402,122.136,Escura
4956,162.284,49.876,125.091,122.004,Escura
4957,162.316,49.541,125.116,121.911,Escura
4958,162.348,49.751,124.504,123.2,Escura
4959,162.38,54.474,124.752,122.081,Escura
4960,162.412,62.127,125.563,120.536,Escura
4961,162.444,53.135,125.367,123.294,Escura
4962,162.48,52.937,125.653,122.754,Escura
4963,162.512,51.378,124.963,123.063,Escura
4964,162.544,49.169,125.29,122.675,Escura
4965,162.576,50.038,124.924,122.864,Escura
4966,162.608,51.948,124.869,123.221,Escura
4967,162.644,53.178,124.9,123.15,Escura
4968,162.676,50.099,124.796,123.622,Escura
4969,162.708,53.922,125.08,122.539,Escura
4970,162.74,50.604,124.713,122.638,Escura
4971,162.772,47.965,124.212,122.258,Escura
4972,162.808,50.151,124.533,122.262,Escura
4973,162.84,58.366,124.71,121.34,Escura
4974,162.872,64.774,125.172,120.033,Escura
4975,162.904,64.818,124.874,119.59,Escura
4976,162.936,62.154,124.601,121.187,Escura
4977,162.968,63.723,124.306,119.471,Escura
4978,163.004,55.195,123.925,120.247,Escura
4979,163.036,54.96,123.991,121.354,Escura
4980,163.068,62.065,124.071,120.035,Escura
4981,163.1,66.223,124.266,119.353,Escura
4982,163.132,67.282,124.511,119.67,Escura
4983,163.168,56.065,124.174,121.994,Escura
4984,163.2,52.848,124.051,121.791,Escura
4985,163.232,60.463,123.956,120.537,Escura
4986,163.264,62.7,124.293,120.983,Escura
4987,163.296,69.828,124.025,119.311,Escura
4988,163.332,63.885,124.344,120.303,Escura
4989,163.364,54.938,124.311,122.366,Escura
4990,163.396,55.06,123.83,121.635,Escura
4991,163.428,56.11,123.994,121.217,Escura
4992,163.46,70.083,124.139,118.895,Escura
4993,163.492,71.97,123.659,118.595,Escura
4994,163.528,69.227,123.953,119.275,Escura
4995,163.56,65.875,123.953,119.967,Escura
4996,163.592,66.712,123.939,119.567,Escura
4997,163.624,61.972,123.714,120.033,Escura
4998,163.656,62.48,123.139,119.827,Escura
4999,163.692,61.753,123.762,120.597,Escura
5000,163.724,65.255,123.495,120.473,Escura
5001,163.756,70.126,123.642,119.291,Escura
5002,163.788,90.597,123.349,117.005,Escura
5003,163.82,74.038,123.996,119.113,Escura
5004,163.856,69.813,123.467,119.85,Escura
5005,163.888,77.401,123.917,118.299,Escura
5006,163.92,67.034,123.9,120.809,Escura
5007,163.952,77.893,123.971,118.888,Escura
