frame,timestamp,L,a,b,fase
1,0.0,206.003,132.124,139.825,
2,0.036,206.046,131.953,139.889,
3,0.068,205.599,132.195,139.603,
4,0.1,205.281,131.927,139.369,
5,0.132,205.321,131.928,139.904,
6,0.164,204.457,131.95,139.668,
7,0.2,204.654,131.939,139.582,
8,0.232,205.791,131.624,139.671,
9,0.264,206.215,131.68,139.483,
10,0.296,206.802,131.867,139.557,
11,0.328,204.32,131.628,139.636,
12,0.36,204.4,131.543,139.972,
13,0.396,204.047,131.995,140.312,
14,0.428,205.563,131.649,140.199,
15,0.46,207.57,132.045,140.304,
16,0.492,209.085,131.741,140.345,
17,0.524,210.417,131.877,140.251,
18,0.56,211.291,131.974,140.204,
19,0.592,212.411,131.765,140.657,
20,0.624,212.621,131.912,140.951,
21,0.656,214.977,131.505,140.911,
22,0.688,215.223,131.756,140.284,
23,0.724,215.298,131.484,140.468,
24,0.756,216.082,131.596,140.26,
25,0.788,217.627,131.484,140.027,
26,0.82,214.773,132.072,140.595,
27,0.852,213.814,132.635,140.834,
28,0.884,212.097,133.069,141.051,
29,0.92,214.255,133.407,141.165,
30,0.952,215.668,133.343,141.258,
31,0.984,214.664,133.598,141.739,
32,1.016,214.94,133.684,141.365,
33,1.048,217.972,132.626,141.066,
34,1.084,218.156,132.768,141.197,
35,1.116,219.032,132.769,141.138,
36,1.148,220.311,132.613,140.88,
37,1.18,220.596,132.82,141.122,
38,1.212,220.295,132.812,141.164,
39,1.248,218.83,132.618,140.719,
40,1.28,217.793,132.701,140.383,
41,1.312,217.673,133.033,140.415,
42,1.344,217.865,132.928,140.644,
43,1.376,215.781,133.772,140.707,
44,1.408,209.306,135.154,140.938,
45,1.444,212.359,134.808,141.054,
46,1.476,214.692,134.258,141.178,
47,1.508,216.006,133.59,140.499,
48,1.54,212.217,133.686,140.305,
49,1.572,210.436,134.296,140.384,
50,1.608,211.291,134.7,140.463,
51,1.64,210.363,134.648,140.317,
52,1.672,208.944,135.093,140.552,
53,1.704,209.944,135.672,140.804,
54,1.736,209.674,135.215,140.671,
55,1.772,211.429,134.505,140.639,
56,1.804,209.305,135.34,140.715,
57,1.836,209.441,135.508,140.685,
58,1.868,209.692,135.286,140.526,
59,1.9,211.221,134.234,140.244,
60,1.932,211.227,134.383,140.206,
61,1.968,211.343,134.786,140.286,
62,2.0,213.058,134.425,140.315,
63,2.032,211.937,133.908,139.972,
64,2.064,210.324,133.638,139.574,
65,2.096,210.503,133.546,139.338,
66,2.132,207.339,134.139,139.232,
67,2.164,205.827,134.826,139.412,
68,2.196,206.788,135.205,140.141,
69,2.228,206.944,135.536,140.002,
70,2.26,207.4,135.693,140.587,
71,2.296,205.936,135.324,140.121,
72,2.328,203.092,135.403,140.024,
73,2.36,200.893,135.621,139.634,
74,2.392,203.308,135.059,139.463,
75,2.424,205.959,134.46,139.378,
76,2.456,204.275,135.027,139.428,
77,2.492,202.72,134.421,139.135,
78,2.524,203.848,134.569,138.89,
79,2.556,208.387,134.236,139.483,
80,2.588,209.664,133.364,139.423,
81,2.62,208.264,133.326,139.128,
82,2.656,204.813,134.016,139.475,
83,2.688,200.927,134.647,139.338,
84,2.72,205.44,134.747,140.051,
85,2.752,205.456,134.888,139.836,
86,2.784,204.17,134.18,139.559,
87,2.82,204.279,133.79,139.148,
88,2.852,206.177,133.713,139.449,
89,2.884,207.345,133.383,138.816,
90,2.916,204.971,132.653,138.562,
91,2.948,202.29,133.258,139.065,
92,2.98,203.022,133.477,139.025,
93,3.016,202.972,133.802,139.257,
94,3.048,203.553,134.583,139.352,
95,3.08,203.282,134.52,139.599,
96,3.112,201.946,134.05,139.268,
97,3.144,200.812,134.644,139.029,
98,3.18,202.11,134.896,139.077,
99,3.212,203.243,134.794,139.871,
100,3.244,202.925,134.276,139.296,
101,3.276,200.855,134.314,138.546,
102,3.308,198.046,135.016,138.783,Cru
103,3.344,204.597,134.567,139.607,Cru
104,3.376,205.905,134.454,139.398,Cru
105,3.408,206.252,133.633,139.525,Cru
106,3.44,204.419,133.261,138.833,Cru
107,3.472,202.555,133.187,138.944,Cru
108,3.504,202.754,133.752,139.098,Cru
109,3.54,201.988,134.21,139.137,Cru
110,3.572,202.276,134.833,139.4,Cru
111,3.604,203.905,135.102,139.683,Cru
112,3.636,205.745,134.75,139.912,Cru
113,3.668,205.06,134.39,139.473,Cru
114,3.704,204.536,133.885,139.488,Cru
115,3.736,204.649,133.77,139.398,Cru
116,3.768,200.477,134.227,138.618,Cru
117,3.8,200.421,134.45,138.842,Cru
118,3.832,204.026,134.252,139.07,Cru
119,3.868,205.778,134.007,139.498,Cru
120,3.9,204.699,134.33,139.133,Cru
121,3.932,200.818,134.39,139.086,Cru
122,3.964,201.006,134.281,138.792,Cru
123,3.996,202.73,133.824,138.938,Cru
124,4.028,200.713,133.924,138.546,Cru
125,4.064,197.049,134.086,138.384,Cru
126,4.096,194.218,135.453,138.486,Cru
127,4.128,197.644,135.422,139.205,Cru
128,4.16,203.467,135.159,139.698,Cru
129,4.192,205.374,134.697,140.102,Cru
130,4.228,203.651,134.955,139.897,Cru
131,4.26,203.856,134.641,139.951,Cru
132,4.292,202.078,134.833,139.691,Cru
133,4.324,203.94,134.575,139.491,Cru
134,4.356,201.062,134.547,139.635,Cru
135,4.392,201.375,135.334,140.169,Cru
136,4.424,201.938,135.328,139.978,Cru
137,4.456,204.388,134.342,139.783,Cru
138,4.488,203.32,133.576,138.918,Cru
139,4.52,197.211,134.599,138.519,Cru
140,4.552,194.279,135.052,138.419,Cru
141,4.588,196.071,135.751,138.859,Cru
142,4.62,198.796,135.7,139.524,Cru
143,4.652,200.98,135.633,140.163,Cru
144,4.684,198.492,135.484,139.885,Cru
145,4.716,193.782,135.466,138.949,Cru
146,4.752,193.134,135.992,138.947,Cru
147,4.784,197.326,135.545,139.215,Cru
148,4.816,200.029,135.217,139.755,Cru
149,4.848,199.305,135.24,139.538,Cru
150,4.88,196.811,135.199,138.996,Cru
151,4.916,194.076,135.895,139.098,Cru
152,4.948,194.851,136.475,139.178,Cru
153,4.98,200.712,135.905,140.172,Cru
154,5.012,200.835,136.168,140.007,Cru
155,5.044,195.447,135.786,139.189,Cru
156,5.076,190.674,135.37,138.469,Cru
157,5.112,193.321,135.402,138.626,Cru
158,5.144,197.693,135.39,139.159,Cru
159,5.176,197.7,134.863,139.485,Cru
160,5.208,196.57,135.006,138.797,Cru
161,5.24,192.402,134.935,138.568,Cru
162,5.276,188.782,135.579,138.205,Cru
163,5.308,190.917,136.041,138.739,Cru
164,5.34,193.75,135.993,138.99,Cru
165,5.372,195.621,135.444,139.075,Cru
166,5.404,199.124,134.956,139.343,Cru
167,5.44,198.856,135.652,138.918,Cru
168,5.472,198.113,135.522,139.222,Cru
169,5.504,197.726,135.826,139.288,Cru
170,5.536,199.025,135.514,139.437,Cru
171,5.568,197.777,135.075,138.986,Cru
172,5.6,196.744,134.99,138.692,Cru
173,5.636,194.812,135.13,138.61,Cru
174,5.668,193.553,135.468,139.021,Cru
175,5.7,194.793,134.978,138.618,Cru
176,5.732,196.493,134.676,138.344,Cru
177,5.764,197.489,134.237,138.576,Cru
178,5.8,193.268,135.061,138.79,Cru
179,5.832,192.619,135.554,138.386,Cru
180,5.864,195.924,135.03,138.598,Cru
181,5.896,200.061,134.629,139.026,Cru
182,5.928,199.597,134.603,139.475,Cru
183,5.964,195.643,135.185,138.889,Cru
184,5.996,193.049,136.131,138.772,Cru
185,6.028,196.609,136.005,139.605,Cru
186,6.06,198.111,135.429,139.61,Cru
187,6.092,195.707,135.102,139.396,Cru
188,6.124,193.828,135.317,138.611,Cru
189,6.16,190.935,135.068,138.803,Cru
190,6.192,191.19,135.833,138.933,Cru
191,6.224,192.681,136.299,138.89,Cru
192,6.256,193.214,135.898,139.03,Cru
193,6.288,194.025,135.725,139.479,Cru
194,6.324,194.606,135.245,139.526,Cru
195,6.356,196.435,135.683,139.712,Cru
196,6.388,198.23,135.779,140.069,Cru
197,6.42,199.887,135.777,139.863,Cru
198,6.452,198.773,135.995,139.884,Cru
199,6.488,198.756,135.482,139.75,Cru
200,6.52,198.712,135.251,139.587,Cru
201,6.552,200.004,135.631,139.619,Cru
202,6.584,197.842,136.073,139.821,Cru
203,6.616,193.833,135.93,139.778,Cru
204,6.648,192.924,135.596,138.958,Cru
205,6.684,192.276,135.832,139.012,Cru
206,6.716,194.59,136.016,139.652,Cru
207,6.748,195.977,135.824,139.646,Cru
208,6.78,198.412,135.121,139.887,Cru
209,6.812,195.201,134.881,139.557,Cru
210,6.848,196.678,135.376,139.594,Cru
211,6.88,199.337,135.99,140.347,Cru
212,6.912,201.45,136.186,140.681,Cru
213,6.944,204.337,134.852,140.779,Cru
214,6.976,203.136,134.571,140.348,Cru
215,7.012,200.29,135.072,139.635,Cru
216,7.044,199.232,135.563,139.899,Cru
217,7.076,198.088,135.58,140.287,Cru
218,7.108,197.409,136.197,139.788,Cru
219,7.14,194.899,135.922,139.872,Cru
220,7.172,195.714,135.634,139.887,Cru
221,7.208,197.973,136.243,140.181,Cru
222,7.24,197.957,135.906,140.606,Cru
223,7.272,198.428,135.456,140.168,Cru
224,7.304,196.71,135.446,139.466,Cru
225,7.336,195.267,135.727,139.717,Cru
226,7.372,199.009,135.58,140.381,Cru
227,7.404,200.819,135.998,140.947,Cru
228,7.436,200.851,136.19,140.643,Cru
229,7.468,198.314,135.601,140.067,Cru
230,7.5,196.266,135.609,140.094,Cru
231,7.536,198.07,135.97,140.223,Cru
232,7.568,198.645,135.968,140.157,Cru
233,7.6,198.385,136.042,140.098,Cru
234,7.632,194.203,135.813,139.931,Cru
235,7.664,191.373,135.997,138.93,Cru
236,7.696,194.42,135.444,139.515,Cru
237,7.732,198.73,135.805,139.817,Cru
238,7.764,199.812,136.101,140.574,Cru
239,7.796,198.142,136.144,140.597,Cru
240,7.828,192.814,137.038,139.814,Cru
241,7.86,193.925,137.013,139.989,Cru
242,7.896,195.185,136.526,140.245,Cru
243,7.928,196.768,136.594,140.172,Cru
244,7.96,194.983,136.417,140.267,Cru
245,7.992,198.832,136.6,140.402,Cru
246,8.024,198.265,135.894,140.054,Cru
247,8.06,197.158,135.884,139.88,Cru
248,8.092,199.119,135.892,140.187,Cru
249,8.124,199.402,135.985,140.358,Cru
250,8.156,197.087,135.747,139.767,Cru
251,8.188,197.158,135.303,139.897,Cru
252,8.22,196.518,134.788,139.264,Cru
253,8.256,195.299,135.001,138.685,Cru
254,8.288,193.747,134.72,138.601,Cru
255,8.32,191.512,135.155,138.124,Cru
256,8.352,190.845,135.985,138.853,Cru
257,8.384,193.024,136.518,139.554,Cru
258,8.42,196.118,136.492,140.052,Cru
259,8.452,195.825,136.103,139.554,Cru
260,8.484,194.714,136.037,139.669,Cru
261,8.516,195.43,136.517,139.721,Cru
262,8.548,197.016,137.021,140.583,Cru
263,8.584,200.208,136.19,140.095,Cru
264,8.616,203.704,135.521,140.06,Cru
265,8.648,203.543,134.962,139.894,Cru
266,8.68,201.522,134.946,139.527,Cru
267,8.712,198.872,135.297,139.086,Cru
268,8.744,197.367,135.108,139.172,Cru
269,8.78,196.5,135.559,139.468,Cru
270,8.812,195.071,135.856,139.282,Cru
271,8.844,196.382,135.579,139.628,Cru
272,8.876,198.15,135.691,139.845,Cru
273,8.908,199.665,135.567,140.064,Cru
274,8.944,200.179,136.021,140.139,Cru
275,8.976,200.577,136.094,140.465,Cru
276,9.008,199.4,136.645,140.744,Cru
277,9.04,202.714,136.4,140.686,Cru
278,9.072,205.283,135.472,140.511,Cru
279,9.108,207.099,134.484,140.081,Cru
280,9.14,208.081,134.527,140.106,Cru
281,9.172,205.535,134.713,140.259,Cru
282,9.204,204.367,135.07,140.25,Cru
283,9.236,202.616,134.887,139.56,Cru
284,9.268,197.727,134.719,139.133,Cru
285,9.304,194.18,135.934,139.233,Cru
286,9.336,196.781,136.505,140.053,Cru
287,9.368,200.367,136.539,140.4,Cru
288,9.4,201.068,136.303,140.441,Cru
289,9.432,200.649,136.128,140.184,Cru
290,9.468,200.917,136.115,140.222,Cru
291,9.5,202.827,136.441,140.726,Cru
292,9.532,205.299,136.468,140.776,Cru
293,9.564,203.342,135.599,140.332,Cru
294,9.596,197.199,135.195,139.146,Cru
295,9.632,192.95,135.388,138.72,Cru
296,9.664,195.245,136.157,139.635,Cru
297,9.696,196.423,136.238,139.545,Cru
298,9.728,195.441,135.943,139.938,Cru
299,9.76,196.337,135.749,139.74,Cru
300,9.792,196.673,135.83,139.799,Cru
301,9.828,196.749,135.712,139.997,Cru
302,9.86,196.638,135.829,140.076,Cru
303,9.892,199.244,135.524,140.251,Cru
304,9.924,198.382,135.523,139.85,Cru
305,9.956,198.026,135.211,139.691,Cru
306,9.992,198.755,135.613,139.543,Cru
307,10.024,197.398,135.378,139.206,Cru
308,10.056,198.34,135.2,139.447,Cru
309,10.088,198.484,135.289,139.155,Cru
310,10.12,198.268,135.288,139.277,Cru
311,10.156,197.56,134.584,138.876,Cru
312,10.188,196.641,134.638,139.186,Cru
313,10.22,196.027,135.157,138.959,Cru
314,10.252,193.93,135.709,139.111,Cru
315,10.284,194.938,135.243,139.074,Cru
316,10.316,196.589,135.051,139.04,Cru
317,10.352,196.16,134.954,139.19,Cru
318,10.384,193.347,135.454,139.19,Cru
319,10.416,196.207,135.992,139.42,Cru
320,10.448,200.709,135.46,139.754,Cru
321,10.48,203.451,134.936,140.028,Cru
322,10.516,202.333,135.252,139.684,Cru
323,10.548,199.16,135.755,139.9,Cru
324,10.58,197.395,136.119,139.726,Cru
325,10.612,199.648,136.148,139.665,Cru
326,10.644,199.386,136.076,140.008,Cru
327,10.68,201.487,135.7,139.552,Cru
328,10.712,201.829,135.289,139.68,Cru
329,10.744,197.979,135.749,139.621,Cru
330,10.776,197.339,136.018,139.137,Cru
331,10.808,199.813,135.115,139.081,Cru
332,10.84,199.318,134.856,139.078,Cru
333,10.876,199.542,134.873,138.779,Cru
334,10.908,199.891,134.821,138.795,Cru
335,10.94,199.716,134.462,138.587,Cru
336,10.972,201.169,134.151,138.555,Cru
337,11.004,199.625,133.637,138.234,Cru
338,11.04,195.117,133.21,136.83,Cru
339,11.072,190.924,133.459,135.984,Cru
340,11.104,190.711,133.414,136.34,Cru
341,11.136,190.742,133.91,136.51,Cru
342,11.168,191.51,133.783,136.982,Cru
343,11.204,191.137,133.626,136.214,Cru
344,11.236,188.687,133.423,135.646,Cru
345,11.268,184.903,132.709,135.095,Cru
346,11.3,186.334,132.778,134.704,Cru
347,11.332,188.653,132.841,135.285,Cru
348,11.364,189.752,133.378,135.275,Cru
349,11.4,191.495,133.164,135.526,Cru
350,11.432,187.506,133.087,134.957,Cru
351,11.464,188.723,133.502,135.075,Cru
352,11.496,191.755,133.265,135.432,Cru
353,11.528,190.995,132.97,134.793,Cru
354,11.564,191.207,132.218,134.649,Cru
355,11.596,190.484,132.357,134.498,Cru
356,11.628,188.01,132.897,134.401,Cru
357,11.66,186.497,133.666,134.207,Cru
358,11.692,189.975,132.918,134.441,Cru
359,11.728,191.761,132.371,135.057,Cru
360,11.76,193.639,132.002,135.124,Cru
361,11.792,192.665,132.152,134.892,Cru
362,11.824,189.633,132.245,134.387,Cru
363,11.856,185.295,132.251,133.684,Cru
364,11.888,186.595,132.981,134.956,Cru
365,11.924,187.872,133.528,135.357,Cru
366,11.956,189.52,133.244,135.553,Cru
367,11.988,189.104,133.353,135.514,Cru
368,12.02,186.417,133.709,135.244,Cru
369,12.052,185.241,134.088,134.985,Cru
370,12.088,188.452,134.161,135.893,Cru
371,12.12,191.245,134.076,136.124,Cru
372,12.152,190.905,133.666,135.938,Cru
373,12.184,188.774,133.645,135.659,Cru
374,12.216,187.362,133.869,135.511,Cru
375,12.252,190.326,133.002,135.494,Cru
376,12.284,191.023,132.654,135.499,Cru
377,12.316,187.264,132.992,135.187,Cru
378,12.348,185.882,132.943,135.057,Cru
379,12.38,185.048,132.997,134.707,Cru
380,12.412,185.068,133.559,135.26,Cru
381,12.448,186.017,133.981,135.541,Cru
382,12.48,188.236,133.333,135.822,Cru
383,12.512,186.698,133.707,135.925,Cru
384,12.544,184.468,133.43,134.882,Cru
385,12.576,183.93,133.847,134.838,Cru
386,12.612,184.712,133.7,134.971,Cru
387,12.644,185.164,133.437,135.332,Cru
388,12.676,186.052,132.896,134.663,Cru
389,12.708,186.837,133.071,134.961,Cru
390,12.74,186.675,133.386,134.99,Cru
391,12.776,189.208,133.433,135.176,Cru
392,12.808,187.688,132.929,134.414,Cru
393,12.84,184.991,132.433,134.171,Cru
394,12.872,182.306,132.47,133.779,Cru
395,12.904,178.607,132.609,133.994,Cru
396,12.936,183.204,133.22,134.864,Cru
397,12.972,184.818,133.026,135.002,Cru
398,13.004,184.705,132.355,134.304,Cru
399,13.036,182.179,132.608,133.953,Cru
400,13.068,182.322,132.634,134.175,Cru
401,13.1,181.965,132.907,134.706,Cru
402,13.136,183.275,132.68,134.371,Cru
403,13.168,184.883,132.43,134.358,Cru
404,13.2,184.815,132.863,135.021,Cru
405,13.232,182.72,132.913,134.425,Cru
406,13.264,183.429,132.82,134.506,Cru
407,13.3,187.323,132.376,134.899,Cru
408,13.332,184.892,131.741,134.15,Cru
409,13.364,179.466,130.991,132.862,Cru
410,13.396,179.26,131.324,133.131,Cru
411,13.428,179.203,131.702,132.513,Cru
412,13.46,178.467,131.757,132.343,Cru
413,13.496,176.881,132.471,132.973,Cru
414,13.528,180.376,132.704,133.61,Cru
415,13.56,181.074,132.315,133.538,Cru
416,13.592,179.111,131.771,132.885,Cru
417,13.624,176.353,131.803,132.412,Cru
418,13.66,174.631,132.255,132.158,Cru
419,13.692,175.075,132.014,132.17,Cru
420,13.724,176.046,131.986,132.129,Cru
421,13.756,175.438,132.083,132.325,Cru
422,13.788,174.47,132.493,132.626,Cru
423,13.824,172.821,132.195,132.875,Cru
424,13.856,167.965,132.074,131.529,Cru
425,13.888,165.731,132.053,131.749,Cru
426,13.92,166.774,132.445,132.003,Cru
427,13.952,168.768,133.073,132.936,Cru
428,13.984,173.137,133.346,134.133,Cru
429,14.02,170.988,133.672,134.245,Cru
430,14.052,172.637,134.274,134.476,Cru
431,14.084,173.039,133.809,134.43,Cru
432,14.116,173.369,134.494,134.921,Cru
433,14.148,172.65,134.528,135.02,Cru
434,14.184,173.1,134.412,135.161,Cru
435,14.216,173.97,135.024,135.682,Cru
436,14.248,170.732,135.03,135.307,Cru
437,14.28,165.815,134.279,134.219,Cru
438,14.312,161.947,134.839,133.028,Cru
439,14.348,157.842,133.924,132.739,Cru
440,14.38,163.683,133.225,132.253,Cru
441,14.412,166.968,133.732,133.468,Cru
442,14.444,171.277,133.963,134.55,Cru
443,14.476,174.743,133.821,135.119,Cru
444,14.508,173.492,133.991,134.992,Cru
445,14.544,174.831,134.511,135.786,Cru
446,14.576,177.684,135.124,135.992,Cru
447,14.608,178.844,135.155,136.131,Cru
448,14.64,178.943,134.982,136.088,Cru
449,14.672,178.063,134.92,136.015,Cru
450,14.708,178.034,134.614,135.513,Cru
451,14.74,179.024,135.374,135.453,Cru
452,14.772,176.257,134.824,135.006,Cru
453,14.804,172.035,134.237,134.039,Cru
454,14.836,169.846,133.424,133.695,Cru
455,14.872,172.819,133.174,133.308,Cru
456,14.904,176.005,133.6,134.13,Cru
457,14.936,181.328,133.901,135.109,Cru
458,14.968,184.119,134.033,135.522,Cru
459,15.0,180.575,134.335,135.059,Cru
460,15.032,177.742,134.203,134.844,Cru
461,15.068,178.623,134.632,135.08,Cru
462,15.1,180.133,134.616,135.108,Cru
463,15.132,182.386,133.853,135.218,Cru
464,15.164,182.435,132.984,134.582,Cru
465,15.196,181.869,133.274,134.101,Cru
466,15.232,179.062,133.586,133.775,Cru
467,15.264,178.053,133.127,133.308,Cru
468,15.296,176.187,132.767,132.745,Cru
469,15.328,171.439,132.669,131.737,Cru
470,15.36,172.696,133.315,132.051,Cru
471,15.396,179.982,133.476,133.803,Cru
472,15.428,184.354,132.527,134.433,Cru
473,15.46,185.65,131.689,133.734,Cru
474,15.492,182.748,132.509,133.699,Cru
475,15.524,179.595,133.844,133.997,Cru
476,15.556,180.524,133.765,134.388,Cru
477,15.592,182.232,134.086,134.492,Cru
478,15.624,182.785,134.283,135.028,Cru
479,15.656,185.823,133.761,135.204,Cru
480,15.688,186.39,133.749,135.154,Cru
481,15.72,185.15,133.769,134.594,Cru
482,15.756,175.887,133.497,133.296,Cru
483,15.788,174.814,133.828,133.312,Cru
484,15.82,177.632,133.761,133.177,Cru
485,15.852,179.672,133.799,133.372,Cru
486,15.884,183.323,133.454,133.808,Cru
487,15.92,185.441,132.93,134.063,Cru
488,15.952,183.863,133.111,134.315,Cru
489,15.984,185.13,132.728,134.353,Cru
490,16.016,183.852,132.458,133.662,Cru
491,16.048,177.79,132.457,133.509,Cru
492,16.08,177.646,132.82,133.176,Cru
493,16.116,179.811,133.293,133.603,Cru
494,16.148,179.62,133.588,134.278,Cru
495,16.18,180.866,132.889,134.176,Cru
496,16.212,178.476,132.674,133.384,Cru
497,16.244,174.028,132.608,133.092,Cru
498,16.28,173.256,132.94,132.972,Cru
499,16.312,172.988,132.933,132.604,Cru
500,16.344,167.788,132.974,132.835,Cru
501,16.376,169.423,133.339,133.208,Cru
502,16.408,171.765,133.515,133.646,Cru
503,16.444,168.546,132.801,134.015,Cru
504,16.476,166.595,133.261,133.414,Cru
505,16.508,163.816,132.738,133.08,Cru
506,16.54,164.628,133.901,134.67,Cru
507,16.572,165.364,134.631,135.03,Cru
508,16.604,165.78,134.274,135.056,Cru
509,16.64,163.38,134.489,135.413,Cru
510,16.672,163.65,134.147,135.903,Cru
511,16.704,164.017,134.081,136.003,Cru
512,16.736,161.074,134.5,135.454,Cru
513,16.768,158.141,135.098,135.924,Cru
514,16.804,156.146,135.332,135.873,Cru
515,16.836,156.75,135.373,135.745,Cru
516,16.868,155.321,135.149,135.784,Cru
517,16.9,154.702,135.077,136.119,Cru
518,16.932,155.988,135.288,136.203,Cru
519,16.968,155.823,135.247,136.399,Cru
520,17.0,155.565,135.363,136.789,Cru
521,17.032,157.862,135.753,136.925,Cru
522,17.064,156.299,135.727,136.8,Cru
523,17.096,158.36,135.725,137.313,Cru
524,17.128,162.524,134.903,135.812,Cru
525,17.164,161.799,134.817,135.353,Cru
526,17.196,162.698,134.512,135.941,Cru
527,17.228,162.619,134.599,135.874,Cru
528,17.26,160.651,135.127,135.385,Cru
529,17.292,161.009,135.35,135.977,Cru
530,17.328,159.865,135.276,135.637,Cru
531,17.36,155.763,135.388,134.56,Cru
532,17.392,157.897,135.377,134.977,Cru
533,17.424,161.343,135.436,135.934,Cru
534,17.456,162.709,135.141,135.673,Cru
535,17.492,163.263,135.071,135.891,Cru
536,17.524,162.215,135.387,135.906,Cru
537,17.556,162.222,135.129,135.885,Cru
538,17.588,164.541,135.462,136.521,Cru
539,17.62,166.563,135.446,136.425,Cru
540,17.652,165.427,135.237,136.263,Cru
541,17.688,166.011,135.272,136.513,Cru
542,17.72,161.321,135.545,136.103,Cru
543,17.752,160.42,136.022,136.13,Cru
544,17.784,162.844,136.451,136.482,Cru
545,17.816,158.984,136.533,136.347,Cru
546,17.852,156.5,136.368,135.541,Cru
547,17.884,155.866,136.236,135.442,Cru
548,17.916,157.595,136.248,135.439,Cru
549,17.948,157.411,135.781,135.478,Cru
550,17.98,158.204,135.463,135.284,Cru
551,18.016,157.151,135.096,135.307,Cru
552,18.048,158.48,135.108,135.386,Cru
553,18.08,158.106,135.274,135.204,Cru
554,18.112,159.22,135.1,135.711,Cru
555,18.144,159.409,135.444,135.487,Cru
556,18.176,157.047,135.476,135.356,Cru
557,18.212,155.673,135.449,134.748,Cru
558,18.244,158.91,135.488,135.274,Cru
559,18.276,158.567,135.621,135.383,Cru
560,18.308,156.441,135.794,135.329,Cru
561,18.34,155.219,135.588,134.762,Cru
562,18.376,153.378,135.296,134.751,Cru
563,18.408,153.578,135.122,134.6,Cru
564,18.44,154.637,135.044,134.256,Cru
565,18.472,155.646,134.983,134.182,Cru
566,18.504,156.574,134.651,134.821,Cru
567,18.54,154.333,135.018,134.187,Cru
568,18.572,154.179,135.308,134.359,Cru
569,18.604,156.752,135.053,134.876,Cru
570,18.636,158.911,134.533,135.077,Cru
571,18.668,156.383,134.444,134.281,Cru
572,18.7,158.218,134.78,134.755,Cru
573,18.736,159.577,134.631,134.944,Cru
574,18.768,159.615,134.956,134.39,Cru
575,18.8,156.71,134.66,134.333,Cru
576,18.832,151.127,134.449,133.65,Cru
577,18.864,149.505,134.212,133.373,Cru
578,18.9,150.521,134.415,133.215,Cru
579,18.932,154.02,134.413,133.547,Cru
580,18.964,152.822,133.736,132.542,Cru
581,18.996,154.666,133.29,132.653,Cru
582,19.028,155.392,133.499,132.758,Cru
583,19.064,157.718,133.369,133.109,Cru
584,19.096,159.328,133.522,133.247,Cru
585,19.128,159.684,133.351,133.166,Cru
586,19.16,159.514,133.154,132.931,Cru
587,19.192,161.011,133.419,132.841,Cru
588,19.224,160.862,133.333,133.239,Cru
589,19.26,161.716,133.535,133.37,Cru
590,19.292,161.197,133.837,133.347,Cru
591,19.324,161.474,134.3,133.74,Cru
592,19.356,155.874,134.606,133.214,Cru
593,19.388,153.752,134.235,133.164,Cru
594,19.425,155.944,134.808,133.728,Cru
595,19.456,157.558,134.503,133.816,Cru
596,19.488,154.241,134.056,133.181,Cru
597,19.52,155.094,134.166,132.958,Cru
598,19.552,157.215,134.006,133.104,Cru
599,19.588,158.532,133.949,133.285,Cru
600,19.62,158.072,133.24,133.252,Cru
601,19.652,156.564,133.033,132.541,Cru
602,19.684,155.675,133.023,132.108,Cru
603,19.716,155.406,132.941,131.292,Cru
604,19.748,155.259,132.81,131.79,Cru
605,19.784,154.644,133.177,131.666,Cru
606,19.816,149.636,132.903,131.061,Cru
607,19.848,149.42,133.227,130.947,Cru
608,19.88,150.501,133.249,130.976,Cru
609,19.912,147.707,132.94,131.003,Cru
610,19.948,146.003,132.725,130.798,Cru
611,19.98,151.551,131.948,130.523,Cru
612,20.012,151.235,131.826,130.313,Cru
613,20.044,153.02,132.431,131.144,Cru
614,20.076,160.434,132.738,131.338,Cru
615,20.112,160.342,132.476,131.381,Cru
616,20.145,160.653,132.461,131.565,Cru
617,20.176,159.43,132.166,131.117,Cru
618,20.208,158.793,132.357,131.351,Cru
619,20.24,161.847,132.959,131.844,Cru
620,20.272,165.968,133.147,132.008,Cru
621,20.308,160.391,132.97,130.873,Cru
622,20.34,160.068,133.102,131.606,Cru
623,20.372,161.574,134.087,132.161,Cru
624,20.404,162.183,134.044,132.124,Cru
625,20.436,164.838,134.14,132.549,Cru
626,20.472,164.911,133.666,132.847,Cru
627,20.504,161.683,133.011,131.531,Cru
628,20.537,160.577,132.888,131.16,Cru
629,20.568,163.248,132.726,131.832,Cru
630,20.6,166.05,132.666,131.884,Cru
631,20.636,168.176,132.581,131.617,Cru
632,20.669,168.647,132.289,131.549,Cru
633,20.7,168.481,131.849,131.185,Cru
634,20.733,169.43,131.899,131.082,Cru
635,20.764,171.498,131.824,131.114,Cru
636,20.796,171.818,132.206,131.379,Cru
637,20.832,172.046,131.532,131.266,Cru
638,20.865,163.383,131.899,130.763,Cru
639,20.896,162.475,131.669,130.58,Cru
640,20.928,162.519,131.992,130.585,Cru
641,20.961,160.234,131.731,129.963,Cru
642,20.997,157.895,131.294,129.498,Cru
643,21.028,160.451,130.974,129.723,Cru
644,21.06,160.648,131.109,129.566,Cru
645,21.092,161.943,131.2,129.716,Cru
646,21.124,162.266,130.907,129.762,Cru
647,21.16,162.501,130.561,129.441,Cru
648,21.192,162.79,130.783,129.434,Cru
649,21.225,161.629,130.493,129.52,Cru
650,21.256,159.232,130.076,128.853,Cru
651,21.288,159.52,130.553,128.456,Cru
652,21.321,158.532,130.677,128.268,Cru
653,21.356,157.496,130.311,128.48,Cru
654,21.389,158.253,130.364,128.229,Cru
655,21.42,158.845,130.317,128.149,Cru
656,21.452,160.544,130.209,128.54,Cru
657,21.484,159.003,130.03,128.163,Cru
658,21.521,159.093,130.219,127.805,Cru
659,21.552,160.273,130.104,128.168,Cru
660,21.585,163.4,130.708,128.949,Cru
661,21.616,164.357,130.594,129.259,Cru
662,21.649,163.757,130.647,129.408,Cru
663,21.684,162.5,130.719,129.323,Cru
664,21.717,162.508,130.781,129.756,Cru
665,21.748,161.926,131.113,129.845,Cru
666,21.781,162.276,131.33,129.943,Cru
667,21.812,161.507,131.149,129.743,Cru
668,21.844,159.021,130.956,129.543,Cru
669,21.881,161.693,131.349,129.795,Cru
670,21.912,163.605,131.396,130.041,Cru
671,21.944,163.486,130.963,129.925,Cru
672,21.976,158.636,130.861,128.862,Cru
673,22.009,157.027,130.712,128.65,Cru
674,22.045,157.192,130.913,128.839,Cru
675,22.076,158.322,130.919,129.259,Cru
676,22.108,157.38,130.646,128.975,Cru
677,22.14,155.901,130.83,128.452,Cru
678,22.172,153.997,130.564,128.072,Cru
679,22.208,153.804,130.689,127.931,Cru
680,22.241,157.144,130.756,128.397,Cru
681,22.272,158.999,130.874,128.908,Cru
682,22.304,158.655,130.646,128.955,Cru
683,22.336,157.416,130.49,128.464,Cru
684,22.369,158.531,130.811,128.239,Cru
685,22.404,158.795,130.39,128.16,Cru
686,22.437,158.44,129.943,128.132,Cru
687,22.468,156.867,130.047,127.843,Cru
688,22.5,158.3,130.217,127.92,Cru
689,22.532,159.831,130.633,128.649,Cru
690,22.569,159.088,130.682,128.094,Cru
691,22.6,159.085,130.627,128.316,Cru
692,22.633,157.696,130.631,128.026,Cru
693,22.665,157.974,130.278,128.102,Cru
694,22.696,159.441,130.486,128.186,Cru
695,22.732,157.681,130.536,127.536,Cru
696,22.765,157.108,130.007,127.961,Cru
697,22.797,157.22,130.177,127.873,Cru
698,22.829,151.119,130.186,127.255,Cru
699,22.86,147.793,130.253,126.248,Cru
700,22.892,148.291,129.936,127.186,Cru
701,22.929,147.568,130.269,126.861,Cru
702,22.961,145.49,129.561,126.613,Cru
703,22.992,143.941,129.629,126.784,Cru
704,23.024,142.869,129.66,126.748,Cru
705,23.056,139.975,129.121,126.002,Cru
706,23.093,136.361,128.847,125.057,Cru
707,23.124,139.225,127.685,125.219,Cru
708,23.157,138.088,127.897,125.066,Cru
709,23.188,139.09,128.603,125.458,Cru
710,23.221,138.184,128.233,125.378,Cru
711,23.256,133.678,127.734,124.493,Cru
712,23.289,131.553,127.695,124.094,Cru
713,23.32,133.975,128.68,124.523,Cru
714,23.353,136.435,128.487,125.627,Cru
715,23.384,140.066,129.24,126.052,Cru
716,23.416,146.332,129.499,126.581,Cru
717,23.453,148.499,129.965,126.999,Cru
718,23.485,151.763,130.549,127.746,Cru
719,23.516,153.263,131.204,127.808,Cru
720,23.548,158.17,130.975,128.787,Cru
721,23.581,160.385,130.964,129.101,Cru
722,23.617,160.805,130.628,129.21,Cru
723,23.648,162.06,130.603,129.078,Cru
724,23.681,161.543,130.995,128.804,Cru
725,23.713,162.555,130.714,129.17,Cru
726,23.744,160.748,130.758,128.276,Cru
727,23.78,161.37,130.854,128.68,Cru
728,23.812,162.371,130.785,128.369,Cru
729,23.844,163.605,131.309,128.403,Cru
730,23.877,167.324,130.792,129.221,Cru
731,23.909,168.456,130.629,129.528,Cru
732,23.94,167.207,131.189,129.195,Cru
733,23.977,164.996,130.911,128.89,Cru
734,24.009,164.437,131.473,129.36,Cru
735,24.041,165.203,131.861,129.78,Cru
736,24.072,168.071,132.047,130.936,Cru
737,24.105,169.438,132.451,131.282,Cru
738,24.141,168.934,132.105,131.436,Cru
739,24.172,167.953,132.039,131.281,Cru
740,24.205,169.91,132.102,131.469,Cru
741,24.237,169.925,132.431,131.298,Cru
742,24.269,166.714,132.423,130.932,Cru
743,24.304,165.501,132.18,130.61,Cru
744,24.337,164.595,132.681,130.22,Cru
745,24.369,164.53,131.863,130.267,Cru
746,24.4,165.667,131.803,130.569,Cru
747,24.432,163.049,132.033,130.135,Cru
748,24.465,160.507,131.861,129.439,Cru
749,24.5,161.239,131.664,129.898,Cru
750,24.533,162.048,131.688,129.944,Cru
751,24.565,165.668,131.916,130.615,Cru
752,24.597,165.693,131.44,131.094,Cru
753,24.629,164.584,131.261,130.127,Cru
754,24.665,162.041,131.519,129.78,Cru
755,24.697,162.934,131.682,129.758,Cru
756,24.729,163.865,131.752,130.419,Cru
757,24.761,160.552,131.989,130.088,Cru
758,24.793,160.654,132.465,130.184,Cru
759,24.829,159.939,132.506,130.052,Cru
760,24.861,162.317,132.35,130.646,Cru
761,24.893,161.278,132.221,131.125,Cru
762,24.925,159.099,132.692,130.393,Cru
763,24.957,159.272,132.596,131.1,Cru
764,24.989,160.632,133.163,131.033,Cru
765,25.024,163.921,132.989,132.033,Cru
766,25.057,166.97,133.034,131.942,Cru
767,25.089,166.679,132.516,131.948,Cru
768,25.121,164.21,132.222,131.228,Cru
769,25.153,163.829,132.614,131.69,Cru
770,25.189,164.369,132.426,131.273,Cru
771,25.221,161.866,132.179,130.842,Cru
772,25.253,160.185,132.488,130.528,Cru
773,25.285,161.36,132.656,130.785,Cru
774,25.316,161.709,132.393,130.629,Cru
775,25.353,161.806,132.489,130.149,Cru
776,25.385,160.372,131.815,130.1,Cru
777,25.417,159.91,132.128,129.855,Cru
778,25.449,162.104,132.962,130.575,Cru
779,25.481,161.75,132.889,130.565,Cru
780,25.513,162.368,132.662,130.829,Cru
781,25.549,163.401,132.401,131.018,Cru
782,25.581,165.024,132.468,130.953,Cru
783,25.613,166.389,132.161,130.928,Cru
784,25.645,166.772,132.394,130.98,Cru
785,25.677,167.468,131.838,130.855,Cru
786,25.713,164.484,131.875,130.347,Cru
787,25.745,166.769,132.304,131.144,Cru
788,25.777,169.282,132.955,131.895,Cru
789,25.809,173.763,132.967,132.509,Cru
790,25.841,173.173,133.781,132.807,Cru
791,25.877,168.004,133.541,132.185,Cru
792,25.909,169.156,133.003,131.961,Cru
793,25.94,168.024,132.936,131.125,Cru
794,25.973,163.634,133.163,131.441,Cru
795,26.005,164.862,133.249,131.458,Cru
796,26.037,165.498,133.088,131.25,Cru
797,26.073,161.572,132.845,131.454,Cru
798,26.105,162.856,132.969,131.451,Cru
799,26.137,163.809,132.964,131.614,Cru
800,26.169,163.347,133.1,132.007,Cru
801,26.201,160.421,132.626,131.232,Cru
802,26.237,160.572,132.366,131.596,Cru
803,26.269,158.443,132.872,131.086,Cru
804,26.301,161.2,133.012,131.516,Cru
805,26.333,159.412,132.629,131.152,Cru
806,26.364,160.425,132.402,131.053,Cru
807,26.401,167.79,132.139,132.253,Cru
808,26.433,154.425,131.288,129.455,Cru
809,26.465,151.419,130.921,129.643,Cru
810,26.497,152.635,131.356,130.089,Cru
811,26.529,152.897,132.231,130.771,Cru
812,26.561,177.81,133.164,134.861,Cru
813,26.597,158.941,132.119,131.671,Cru
814,26.629,166.216,132.346,132.327,Cru
815,26.661,170.99,131.803,132.69,Cru
816,26.693,164.1,131.927,131.588,Cru
817,26.725,164.265,131.603,131.118,Cru
818,26.761,167.924,131.97,131.324,Cru
819,26.793,167.111,132.112,131.315,Cru
820,26.825,168.904,131.785,131.483,Cru
821,26.857,172.479,131.212,130.625,Cru
822,26.889,171.762,130.522,130.326,Cru
823,26.925,168.587,130.494,129.356,Cru
824,26.957,168.396,130.201,129.086,Cru
825,26.989,171.368,129.673,129.62,Cru
826,27.021,174.398,130.415,130.28,Cru
827,27.053,170.541,130.585,130.311,Cru
828,27.085,171.435,131.292,130.973,Cru
829,27.121,171.268,131.738,132.292,Cru
830,27.153,171.293,133.174,133.076,Cru
831,27.185,174.065,132.677,133.942,Cru
832,27.217,172.876,133.164,134.572,Cru
833,27.249,168.837,134.196,134.561,Cru
834,27.285,171.618,134.964,135.51,Cru
835,27.317,172.825,135.194,136.953,Cru
836,27.349,173.435,135.34,136.353,Cru
837,27.381,171.254,134.377,135.088,Cru
838,27.413,170.967,134.514,134.947,Cru
839,27.449,172.304,134.327,135.199,Cru
840,27.481,172.053,133.777,134.393,Cru
841,27.513,174.397,133.527,135.088,Cru
842,27.545,181.157,133.844,136.045,Cru
843,27.577,180.447,133.745,135.292,Cru
844,27.609,178.82,133.731,135.542,Cru
845,27.645,185.04,134.136,135.562,Cru
846,27.677,187.982,135.086,136.387,Cru
847,27.709,183.846,135.925,136.884,Cru
848,27.741,179.971,135.149,135.387,Cru
849,27.773,180.669,134.747,134.699,Cru
850,27.809,182.113,135.543,135.421,Cru
851,27.841,182.33,135.583,135.487,Cru
852,27.873,180.072,135.251,135.351,Cru
853,27.905,176.733,135.055,134.814,Cru
854,27.937,176.646,134.751,134.279,Cru
855,27.973,178.567,134.297,134.762,Cru
856,28.005,180.661,133.865,134.701,Cru
857,28.037,183.255,133.93,135.459,Cru
858,28.069,184.183,134.522,135.63,Cru
859,28.101,186.036,134.191,135.28,Cru
860,28.133,189.211,133.243,134.532,Cru
861,28.169,190.828,132.795,134.355,Cru
862,28.201,191.108,132.989,134.806,Cru
863,28.233,186.968,133.768,134.804,Cru
864,28.265,185.67,135.258,135.205,Cru
865,28.297,181.375,135.866,135.617,Cru
866,28.333,181.619,136.787,136.929,Cru
867,28.365,183.428,137.273,138.395,Cru
868,28.397,186.218,138.649,138.73,Cru
869,28.429,189.794,136.901,137.254,Cru
870,28.461,199.0,134.452,135.742,Cru
871,28.493,202.989,133.42,135.023,Cru
872,28.529,194.956,133.46,134.235,Cru
873,28.561,194.276,133.337,134.764,Cru
874,28.593,190.182,134.939,135.626,Cru
875,28.625,184.593,137.084,137.724,Cru
876,28.657,182.83,138.215,138.591,Cru
877,28.693,186.322,137.956,138.624,Cru
878,28.725,183.424,137.005,137.484,Cru
879,28.757,182.643,135.223,135.805,Cru
880,28.789,180.312,134.929,135.376,Cru
881,28.821,178.629,136.853,137.112,Cru
882,28.857,179.381,140.278,140.203,Cru
883,28.889,180.745,141.229,141.918,Cru
884,28.921,181.95,141.122,142.385,Cru
885,28.953,178.944,139.652,141.463,Cru
886,28.985,166.595,138.49,138.546,Cru
887,29.021,164.436,138.372,138.202,Cru
888,29.053,166.816,139.435,138.895,Cru
889,29.085,170.721,139.608,140.26,Cru
890,29.117,177.116,138.601,140.174,Cru
891,29.149,176.433,138.296,139.127,Cru
892,29.181,175.231,137.755,139.57,Cru
893,29.217,174.483,137.884,138.948,Cru
894,29.249,172.343,136.945,137.71,Cru
895,29.281,173.539,136.836,137.133,Cru
896,29.313,170.97,137.356,137.312,Cru
897,29.345,170.801,137.335,137.745,Cru
898,29.381,175.389,137.134,137.37,Cru
899,29.413,177.9,136.03,136.684,Cru
900,29.445,174.968,135.821,136.064,Cru
901,29.477,172.606,135.128,136.024,Cru
902,29.509,170.076,135.675,136.474,Cru
903,29.545,175.462,135.757,136.576,Cru
904,29.577,176.796,136.104,137.277,Cru
905,29.609,175.064,137.649,138.481,Cru
906,29.641,175.078,139.594,139.829,Cru
907,29.673,174.766,140.224,140.343,Cru
908,29.705,177.043,140.414,140.516,Cru
909,29.741,180.714,140.232,141.051,Cru
910,29.773,179.349,139.825,140.989,Cru
911,29.805,178.572,140.529,140.522,Cru
912,29.837,174.704,140.368,140.309,Cru
913,29.869,175.126,140.385,139.297,Cru
914,29.905,172.108,138.866,138.112,Cru
915,29.937,167.012,136.964,135.784,Cru
916,29.969,166.055,136.208,135.366,Cru
917,30.001,168.039,136.78,136.135,Cru
918,30.033,170.56,138.567,136.93,Cru
919,30.069,173.808,138.147,137.389,Cru
920,30.101,174.09,137.539,137.445,Cru
921,30.133,173.327,137.026,137.243,Cru
922,30.165,173.299,137.406,137.314,Cru
923,30.197,175.483,138.017,137.828,Cru
924,30.229,177.904,137.693,138.338,Cru
925,30.265,175.478,138.191,137.861,Cru
926,30.297,172.731,138.209,137.45,Cru
927,30.329,173.678,137.771,137.358,Cru
928,30.361,176.942,137.935,137.837,Cru
929,30.393,176.362,137.61,137.772,Cru
930,30.429,177.458,137.708,138.164,Cru
931,30.461,175.301,137.793,138.213,Cru
932,30.493,173.093,137.337,137.413,Cru
933,30.525,174.678,136.799,137.426,Cru
934,30.557,175.198,137.374,137.715,Cru
935,30.593,175.447,137.077,137.592,Cru
936,30.625,171.265,137.238,137.471,Cru
937,30.657,169.635,137.841,137.846,Cru
938,30.689,172.357,138.698,138.292,Cru
939,30.721,176.151,138.897,138.769,Cru
940,30.753,177.261,139.313,139.526,Cru
941,30.789,180.134,139.147,139.192,Cru
942,30.821,177.799,139.843,139.249,Cru
943,30.853,177.704,140.522,139.147,Cru
944,30.885,178.914,140.561,139.979,Cru
945,30.917,180.73,139.447,139.264,Cru
946,30.953,180.172,138.695,138.569,Cru
947,30.985,172.121,139.311,137.293,Cru
948,31.017,171.419,138.915,137.324,Cru
949,31.049,172.429,139.081,137.649,Cru
950,31.081,175.738,139.558,138.448,Cru
951,31.117,176.893,139.244,137.949,Cru
952,31.149,176.252,138.113,137.092,Cru
953,31.181,176.962,138.135,137.484,Cru
954,31.213,183.586,138.356,139.31,Cru
955,31.245,183.413,137.641,138.652,Cru
956,31.277,180.529,136.874,137.727,Cru
957,31.313,178.864,137.248,137.351,Cru
958,31.345,183.225,138.369,138.605,Cru
959,31.377,182.704,138.165,138.246,Cru
960,31.409,181.48,136.877,137.248,Cru
961,31.441,177.539,136.239,136.321,Cru
962,31.477,178.248,136.814,136.228,Cru
963,31.509,177.353,137.369,136.537,Cru
964,31.541,176.987,137.771,135.954,Cru
965,31.573,176.748,137.646,135.737,Cru
966,31.605,179.104,137.538,136.463,Cru
967,31.641,181.211,138.139,137.715,Cru
968,31.673,184.963,137.49,138.118,Cru
969,31.705,185.193,136.479,137.075,Cru
970,31.737,183.163,135.166,135.922,Cru
971,31.769,181.15,135.618,135.744,Cru
972,31.801,181.642,136.215,136.15,Cru
973,31.837,184.282,137.061,137.206,Cru
974,31.869,184.984,136.615,137.456,Cru
975,31.901,184.352,136.299,136.934,Cru
976,31.933,178.649,135.864,135.318,Cru
977,31.965,176.524,136.538,135.377,Cru
978,32.001,179.614,136.181,135.793,Cru
979,32.033,176.323,137.021,135.378,Cru
980,32.065,172.574,137.283,134.779,Cru
981,32.097,175.074,137.062,135.244,Cru
982,32.129,175.921,136.75,135.062,Cru
983,32.165,174.856,136.829,134.659,Cru
984,32.197,178.394,136.687,135.636,Cru
985,32.229,182.174,136.886,136.647,Cru
986,32.261,181.934,136.825,136.536,Cru
987,32.293,176.125,136.394,135.354,Cru
988,32.325,169.375,136.405,133.802,Cru
989,32.361,171.442,136.374,134.53,Cru
990,32.393,172.419,136.96,134.812,Cru
991,32.425,173.566,137.202,135.172,Cru
992,32.457,175.28,137.334,135.661,Cru
993,32.489,175.235,136.745,135.142,Cru
994,32.525,177.967,136.114,135.507,Cru
995,32.557,180.035,135.811,135.723,Cru
996,32.589,176.994,136.307,134.922,Cru
997,32.621,178.062,135.763,135.159,Cru
998,32.653,180.021,135.559,135.46,Cru
999,32.689,182.187,136.029,135.797,Cru
1000,32.721,181.876,135.875,136.03,Cru
1001,32.753,179.643,136.44,135.445,Cru
1002,32.785,179.428,135.651,134.964,Cru
1003,32.817,177.511,135.213,134.346,Cru
1004,32.849,174.869,134.83,134.019,Cru
1005,32.885,175.623,135.238,134.091,Cru
1006,32.917,180.595,135.56,135.233,Cru
1007,32.949,178.839,135.223,134.535,Cru
1008,32.981,180.463,135.386,135.161,Cru
1009,33.013,177.456,135.02,134.133,Cru
1010,33.049,178.418,135.944,134.674,Cru
1011,33.081,179.951,135.666,134.758,Cru
1012,33.113,177.364,135.335,133.433,Cru
1013,33.145,177.926,135.003,133.437,Cru
1014,33.177,181.429,135.1,134.338,Cru
1015,33.213,182.241,135.032,135.054,Cru
1016,33.245,180.88,135.508,134.757,Cru
1017,33.277,179.016,134.754,134.332,Cru
1018,33.309,176.457,134.727,133.716,Cru
1019,33.341,174.001,135.439,134.086,Cru
1020,33.373,176.675,136.003,134.65,Cru
1021,33.409,181.546,136.349,135.826,Cru
1022,33.441,177.481,136.148,135.682,Cru
1023,33.473,171.773,136.512,134.895,Cru
1024,33.505,171.439,137.062,135.717,Cru
1025,33.537,170.079,138.551,136.144,Cru
1026,33.573,172.805,139.325,137.128,Cru
1027,33.605,173.292,138.969,137.075,Cru
1028,33.637,167.483,138.491,136.548,Cru
1029,33.669,163.361,138.289,135.801,Cru
1030,33.701,170.84,139.027,137.173,Cru
1031,33.737,167.564,139.045,136.402,Cru
1032,33.769,165.274,138.487,135.383,Cru
1033,33.801,161.031,137.926,134.996,Cru
1034,33.833,160.231,137.762,134.923,Cru
1035,33.865,165.625,137.827,136.03,Cru
1036,33.897,170.644,137.468,136.6,Cru
1037,33.933,172.128,137.274,136.453,Cru
1038,33.965,170.408,137.522,136.527,Cru
1039,33.997,166.339,137.72,135.502,Cru
1040,34.029,165.557,137.883,135.436,Cru
1041,34.061,166.028,137.605,135.717,Cru
1042,34.097,170.258,137.643,136.552,Cru
1043,34.129,173.517,136.956,136.599,Cru
1044,34.161,173.328,136.737,136.002,Cru
1045,34.193,173.225,136.469,136.258,Cru
1046,34.225,172.352,136.178,135.944,Cru
1047,34.261,172.931,137.047,136.216,Cru
1048,34.293,172.7,137.545,137.069,Cru
1049,34.325,171.011,138.059,136.477,Cru
1050,34.357,170.536,137.482,136.198,Cru
1051,34.389,171.425,138.368,136.8,Cru
1052,34.421,173.866,138.404,137.18,Cru
1053,34.457,172.631,138.178,136.621,Cru
1054,34.489,173.471,138.246,136.807,Cru
1055,34.521,174.658,137.708,137.418,Cru
1056,34.553,171.416,136.514,136.113,Cru
1057,34.585,175.941,136.056,136.623,Cru
1058,34.621,181.273,136.615,137.727,Cru
1059,34.653,183.775,137.509,139.037,Cru
1060,34.685,179.798,137.608,138.554,Cru
1061,34.717,173.558,137.536,136.76,Cru
1062,34.749,174.364,136.84,136.542,Cru
1063,34.785,177.325,137.205,136.861,Cru
1064,34.817,176.593,138.047,137.083,Cru
1065,34.849,174.899,139.405,137.586,Cru
1066,34.881,174.297,138.986,137.014,Cru
1067,34.913,172.619,138.403,136.445,Cru
1068,34.945,171.468,138.48,136.393,Cru
1069,34.981,172.606,139.16,137.132,Cru
1070,35.013,176.72,139.278,137.774,Cru
1071,35.045,177.67,138.611,137.432,Cru
1072,35.077,177.724,137.573,136.823,Cru
1073,35.109,170.794,136.728,135.77,Cru
1074,35.145,174.011,136.729,136.105,Cru
1075,35.177,178.065,136.357,136.625,Cru
1076,35.209,181.369,136.483,136.92,Cru
1077,35.241,176.97,136.254,136.494,Cru
1078,35.273,169.958,136.512,134.9,Cru
1079,35.309,165.095,137.135,134.458,Cru
1080,35.341,165.242,137.318,134.584,Cru
1081,35.373,166.642,137.903,135.02,Cru
1082,35.405,168.606,138.761,135.656,Cru
1083,35.437,169.635,137.88,135.823,Cru
1084,35.469,166.962,138.233,135.022,Cru
1085,35.505,169.914,138.112,135.096,Cru
1086,35.537,169.966,137.96,135.101,Cru
1087,35.569,171.882,137.488,135.53,Cru
1088,35.601,173.36,137.418,135.892,Cru
1089,35.633,174.454,138.084,135.751,Cru
1090,35.669,170.752,137.401,135.288,Cru
1091,35.701,170.433,137.143,134.972,Cru
1092,35.733,172.144,136.722,135.462,Cru
1093,35.765,171.662,137.103,135.357,Cru
1094,35.797,169.228,137.293,134.491,Cru
1095,35.833,166.202,137.249,134.183,Cru
1096,35.865,165.902,137.303,133.853,Cru
1097,35.897,168.541,137.081,134.572,Cru
1098,35.929,170.373,137.276,134.964,Cru
1099,35.961,169.567,136.964,134.704,Cru
1100,35.993,168.283,137.43,134.127,Cru
1101,36.029,168.472,137.732,134.844,Cru
1102,36.061,166.408,137.672,134.415,Cru
1103,36.093,164.721,137.433,134.234,Cru
1104,36.125,167.833,137.697,134.274,Cru
1105,36.157,170.007,137.182,134.38,Cru
1106,36.193,172.405,136.212,134.825,Cru
1107,36.225,170.502,135.715,133.987,Cru
1108,36.257,165.339,135.707,133.304,Cru
1109,36.289,165.246,135.156,133.142,Cru
1110,36.321,165.111,135.155,132.549,Cru
1111,36.357,169.931,135.272,134.005,Cru
1112,36.389,171.32,136.007,134.315,Cru
1113,36.421,165.096,135.496,133.444,Cru
1114,36.453,165.917,135.683,133.295,Cru
1115,36.485,168.003,135.959,133.66,Cru
1116,36.517,166.8,137.052,133.84,Cru
1117,36.553,169.428,136.909,133.76,Cru
1118,36.585,165.653,136.482,133.128,Cru
1119,36.617,165.062,136.428,132.719,Cru
1120,36.649,166.719,137.335,134.074,Cru
1121,36.681,171.626,138.632,135.431,Cru
1122,36.717,176.732,138.417,136.54,Cru
1123,36.749,178.634,138.275,136.435,Cru
1124,36.781,170.727,137.923,135.204,Cru
1125,36.813,160.385,137.105,133.118,Cru
1126,36.845,159.207,136.921,132.794,Cru
1127,36.881,166.784,137.162,134.243,Cru
1128,36.913,172.003,138.15,135.867,Cru
1129,36.945,171.399,138.807,135.851,Cru
1130,36.977,169.505,138.178,135.129,Cru
1131,37.009,167.353,138.515,135.322,Cru
1132,37.041,167.97,138.245,135.128,Cru
1133,37.077,169.389,138.718,135.291,Cru
1134,37.109,165.861,138.843,135.156,Cru
1135,37.141,163.54,138.323,134.443,Cru
1136,37.173,162.186,137.804,133.418,Cru
1137,37.205,161.034,137.734,133.521,Cru
1138,37.241,167.089,138.105,135.182,Cru
1139,37.273,172.138,137.408,135.809,Cru
1140,37.305,165.48,137.451,134.126,Cru
1141,37.337,162.077,136.748,133.139,Cru
1142,37.369,162.901,136.585,133.805,Cru
1143,37.405,163.703,136.668,133.86,Cru
1144,37.437,165.216,137.167,133.831,Cru
1145,37.469,166.526,137.504,134.464,Cru
1146,37.501,166.417,137.719,135.152,Cru
1147,37.533,165.709,138.263,134.423,Cru
1148,37.565,165.29,138.551,134.721,Cru
1149,37.601,170.699,138.624,135.604,Cru
1150,37.633,169.726,138.169,134.711,Cru
1151,37.665,165.131,138.054,134.28,Cru
1152,37.697,164.117,137.2,133.284,Cru
1153,37.729,164.256,136.915,133.472,Cru
1154,37.765,167.264,136.782,134.016,Cru
1155,37.797,171.611,137.354,134.717,Cru
1156,37.829,172.816,136.192,134.311,Cru
1157,37.861,172.653,135.256,134.225,Cru
1158,37.893,167.925,135.328,132.922,Cru
1159,37.929,161.591,135.507,131.962,Cru
1160,37.961,164.541,136.368,133.072,Cru
1161,37.993,167.538,137.301,133.669,Cru
1162,38.025,166.651,137.666,133.857,Cru
1163,38.057,167.758,137.302,134.397,Cru
1164,38.089,178.94,139.837,137.349,Cru
1165,38.125,160.567,137.398,132.706,Cru
1166,38.157,156.647,136.118,130.933,Cru
1167,38.189,159.459,135.514,130.954,Cru
1168,38.221,158.438,135.492,130.588,Cru
1169,38.253,158.396,135.635,131.298,Cru
1170,38.289,159.082,135.612,131.239,Cru
1171,38.321,165.07,135.957,132.506,Cru
1172,38.353,167.582,136.172,133.709,Cru
1173,38.385,162.916,136.663,132.883,Cru
1174,38.417,158.87,136.702,132.229,Cru
1175,38.453,164.016,136.983,133.1,Cru
1176,38.485,167.561,137.438,133.664,Cru
1177,38.517,166.212,137.235,133.334,Cru
1178,38.549,166.091,137.788,133.688,Cru
1179,38.581,165.733,137.952,133.427,Cru
1180,38.613,166.55,137.96,133.566,Cru
1181,38.649,165.8,137.741,133.031,Cru
1182,38.681,163.979,138.047,132.732,Cru
1183,38.713,163.622,137.985,132.774,Cru
1184,38.745,160.86,137.316,132.021,Cru
1185,38.777,161.727,137.309,132.234,Cru
1186,38.813,166.833,137.054,133.265,Cru
1187,38.845,169.48,136.167,134.401,Cru
1188,38.877,171.232,136.442,134.414,Cru
1189,38.909,169.07,137.058,134.706,Cru
1190,38.941,169.441,137.255,133.996,Cru
1191,38.977,169.416,137.444,134.22,Cru
1192,39.009,169.241,137.214,134.049,Cru
1193,39.041,171.848,137.857,134.633,Cru
1194,39.073,166.72,137.979,133.865,Cru
1195,39.105,163.424,137.494,132.813,Cru
1196,39.137,166.23,138.263,133.725,Cru
1197,39.173,168.932,138.413,134.183,Cru
1198,39.205,169.203,138.331,134.248,Cru
1199,39.237,167.893,137.759,133.872,Cru
1200,39.269,167.892,138.155,134.017,Cru
1201,39.301,168.773,138.459,134.315,Cru
1202,39.337,170.711,138.539,135.14,Cru
1203,39.369,171.543,138.413,135.113,Cru
1204,39.401,172.196,138.087,135.35,Cru
1205,39.433,171.715,137.742,135.366,Cru
1206,39.465,169.765,137.423,134.272,Cru
1207,39.501,171.354,137.657,135.019,Cru
1208,39.533,174.321,137.634,135.405,Cru
1209,39.565,172.244,138.398,134.836,Cru
1210,39.597,170.147,138.826,134.683,Cru
1211,39.629,170.447,138.293,134.44,Cru
1212,39.661,168.528,138.739,133.792,Cru
1213,39.697,167.573,138.696,133.844,Cru
1214,39.729,167.254,138.437,134.005,Cru
1215,39.761,170.669,138.436,135.003,Cru
1216,39.793,175.399,138.453,135.855,Cru
1217,39.825,173.577,137.827,134.923,Cru
1218,39.861,168.098,137.501,134.018,Cru
1219,39.893,169.101,137.136,133.948,Cru
1220,39.925,172.502,138.173,134.875,Cru
1221,39.957,173.214,138.164,134.113,Cru
1222,39.989,175.047,137.512,134.48,Cru
1223,40.025,171.525,137.504,134.079,Cru
1224,40.057,169.102,137.252,133.695,Cru
1225,40.089,172.417,137.265,134.293,Cru
1226,40.121,174.607,136.483,134.688,Cru
1227,40.153,171.673,136.916,133.539,Cru
1228,40.185,173.164,137.347,133.71,Cru
1229,40.221,177.266,136.962,134.563,Cru
1230,40.253,176.035,136.815,134.621,Cru
1231,40.285,172.218,136.318,133.353,Cru
1232,40.317,165.75,133.974,132.05,Cru
1233,40.349,166.686,134.282,131.865,Cru
1234,40.385,168.208,134.572,132.249,Cru
1235,40.417,167.261,134.688,132.84,Cru
1236,40.449,167.169,134.907,132.781,Cru
1237,40.481,166.673,134.8,133.319,Cru
1238,40.513,169.323,135.043,133.3,Cru
1239,40.549,168.91,134.585,132.983,Cru
1240,40.581,170.118,134.644,133.223,Cru
1241,40.613,165.404,134.859,132.717,Cru
1242,40.645,165.728,134.987,132.521,Cru
1243,40.677,168.208,135.368,132.924,Cru
1244,40.709,166.039,135.87,132.739,Cru
1245,40.745,158.91,135.957,131.841,Cru
1246,40.777,159.201,136.747,132.183,Cru
1247,40.809,162.888,137.38,132.979,Cru
1248,40.841,165.106,137.761,133.491,Cru
1249,40.873,166.049,137.956,133.931,Cru
1250,40.909,168.136,137.685,133.716,Cru
1251,40.941,165.891,136.05,133.619,Cru
1252,40.973,167.822,135.641,133.546,Cru
1253,41.005,168.586,135.611,133.674,Cru
1254,41.037,166.924,135.089,132.923,Cru
1255,41.073,167.54,135.528,133.027,Cru
1256,41.105,162.085,134.884,131.443,Cru
1257,41.137,160.083,134.004,130.431,Cru
1258,41.169,160.336,133.469,130.755,Cru
1259,41.201,163.917,134.212,131.96,Cru
1260,41.233,164.173,134.624,131.627,Cru
1261,41.269,160.802,135.307,131.199,Cru
1262,41.301,159.826,134.853,130.693,Cru
1263,41.333,161.093,135.382,130.46,Cru
1264,41.365,163.436,135.134,131.235,Cru
1265,41.397,165.685,135.62,132.051,Cru
1266,41.433,164.247,135.159,131.604,Cru
1267,41.465,167.324,135.91,132.866,Cru
1268,41.497,169.889,135.616,133.039,Cru
1269,41.529,168.969,135.04,132.359,Cru
1270,41.561,166.571,134.798,131.64,Cru
1271,41.597,162.953,134.369,130.567,Cru
1272,41.629,164.647,134.657,131.194,Cru
1273,41.661,166.236,135.549,132.409,Cru
1274,41.693,166.251,136.053,132.804,Cru
1275,41.725,166.599,136.469,132.204,Cru
1276,41.757,164.825,135.792,131.616,Cru
1277,41.793,157.715,135.027,129.998,Cru
1278,41.825,158.276,134.689,130.158,Cru
1279,41.857,161.104,135.21,130.773,Cru
1280,41.889,159.712,134.769,130.508,Cru
1281,41.921,157.188,134.425,129.962,Cru
1282,41.957,157.534,134.322,129.973,Cru
1283,41.989,161.832,134.042,131.274,Cru
1284,42.021,165.81,134.295,131.281,Cru
1285,42.053,162.986,133.873,130.403,Cru
1286,42.085,159.047,133.26,129.549,Cru
1287,42.121,157.034,133.285,129.288,Cru
1288,42.153,160.298,133.563,130.553,Cru
1289,42.185,164.836,134.787,131.606,Cru
1290,42.217,172.844,135.089,133.338,Cru
1291,42.249,166.512,133.182,131.639,Cru
1292,42.281,163.295,133.162,130.655,Cru
1293,42.317,159.193,133.498,129.747,Cru
1294,42.349,159.19,133.652,129.873,Cru
1295,42.381,161.271,134.027,130.849,Cru
1296,42.413,161.846,134.426,130.562,Cru
1297,42.445,162.139,134.163,130.715,Cru
1298,42.481,157.988,133.842,129.709,Cru
1299,42.513,156.774,133.809,129.607,Cru
1300,42.545,155.725,133.668,129.535,Cru
1301,42.577,157.49,133.738,129.349,Cru
1302,42.609,160.051,134.094,130.025,Cru
1303,42.645,162.357,134.45,130.967,Cru
1304,42.677,164.419,135.585,131.496,Cru
1305,42.709,167.285,135.845,132.543,Cru
1306,42.741,169.094,135.41,132.668,Cru
1307,42.773,170.197,135.151,132.303,Cru
1308,42.805,170.648,135.806,132.875,Cru
1309,42.841,169.984,135.356,132.88,Cru
1310,42.873,167.347,135.565,132.082,Cru
1311,42.905,160.957,134.487,129.982,Cru
1312,42.937,157.666,134.05,129.55,Cru
1313,42.969,157.199,134.052,129.257,Cru
1314,43.005,161.105,134.472,130.361,Cru
1315,43.037,161.395,134.806,130.266,Cru
1316,43.069,161.123,134.203,129.963,Cru
1317,43.101,159.7,133.526,129.781,Cru
1318,43.133,160.959,133.806,130.056,Cru
1319,43.169,164.872,133.869,131.044,Cru
1320,43.201,165.791,134.618,130.83,Cru
1321,43.233,166.572,134.779,131.025,Cru
1322,43.265,166.476,134.858,130.851,Cru
1323,43.297,166.097,134.597,130.905,Cru
1324,43.329,165.612,135.013,130.995,Cru
1325,43.365,164.1,134.721,130.99,Cru
1326,43.397,163.329,134.678,130.503,Cru
1327,43.429,164.16,134.711,130.548,Cru
1328,43.461,161.689,134.551,129.815,Cru
1329,43.493,163.378,135.06,130.405,Cru
1330,43.529,163.335,134.95,130.855,Cru
1331,43.561,164.367,135.56,130.804,Cru
1332,43.593,164.955,135.893,131.001,Cru
1333,43.625,164.873,135.572,131.028,Cru
1334,43.657,161.35,135.063,130.024,Cru
1335,43.693,162.418,135.014,130.503,Cru
1336,43.725,165.147,135.405,131.028,Cru
1337,43.757,165.108,135.849,131.197,Cru
1338,43.789,165.355,135.761,131.286,Cru
1339,43.821,162.56,136.083,130.253,Cru
1340,43.853,157.545,134.939,129.034,Cru
1341,43.889,157.828,134.821,128.86,Cru
1342,43.921,160.573,134.873,129.898,Cru
1343,43.953,160.971,135.421,129.924,Cru
1344,43.985,160.342,134.924,129.605,Cru
1345,44.017,156.464,134.294,128.668,Cru
1346,44.053,158.666,134.897,129.564,Cru
1347,44.085,163.259,135.683,130.77,Cru
1348,44.117,162.147,135.274,130.066,Cru
1349,44.149,162.26,135.022,130.019,Cru
1350,44.181,160.985,134.932,129.505,Cru
1351,44.217,161.758,135.28,130.274,Cru
1352,44.249,164.65,135.887,131.014,Cru
1353,44.281,170.687,136.947,132.613,Cru
1354,44.313,173.946,136.085,132.953,Cru
1355,44.345,169.374,134.631,131.5,Cru
1356,44.377,161.419,134.991,129.67,Cru
1357,44.413,160.169,135.197,129.517,Cru
1358,44.445,168.077,136.644,131.801,Cru
1359,44.477,161.473,135.584,130.306,Cru
1360,44.509,160.019,135.105,129.427,Cru
1361,44.541,160.972,135.003,129.868,Cru
1362,44.577,163.338,135.236,129.901,Cru
1363,44.609,164.014,135.568,130.745,Cru
1364,44.641,165.349,135.801,130.699,Cru
1365,44.673,161.967,134.953,129.854,Cru
1366,44.705,164.178,134.586,130.476,Cru
1367,44.741,164.28,135.025,130.71,Cru
1368,44.773,163.995,135.088,130.296,Cru
1369,44.805,164.172,134.648,130.088,Cru
1370,44.837,165.301,134.649,129.98,Cru
1371,44.869,163.109,133.911,129.685,Cru
1372,44.901,163.475,133.792,129.382,Cru
1373,44.937,165.957,134.05,130.065,Cru
1374,44.969,163.693,134.254,129.951,Cru
1375,45.001,162.188,134.854,129.649,Cru
1376,45.033,164.422,134.694,130.447,Cru
1377,45.065,166.641,135.216,131.071,Cru
1378,45.101,163.097,135.315,129.893,Cru
1379,45.133,164.555,134.52,129.759,Cru
1380,45.165,166.804,134.798,130.523,Cru
1381,45.197,167.429,135.538,130.825,Cru
1382,45.229,168.329,135.172,130.903,Cru
1383,45.265,166.985,135.016,130.742,Cru
1384,45.297,164.199,134.555,129.538,Cru
1385,45.329,163.033,133.651,129.388,Cru
1386,45.361,166.452,134.099,129.748,Cru
1387,45.393,165.459,133.997,129.927,Cru
1388,45.425,162.624,133.844,129.108,Cru
1389,45.461,160.854,134.081,128.602,Cru
1390,45.493,159.747,133.5,128.162,Cru
1391,45.525,160.132,133.67,128.097,Cru
1392,45.557,159.126,133.458,127.534,Cru
1393,45.589,158.572,133.653,127.01,Cru
1394,45.625,162.093,133.86,128.592,Cru
1395,45.657,164.709,135.095,128.793,Cru
1396,45.689,164.093,135.268,128.836,Cru
1397,45.721,166.291,134.702,129.914,Cru
1398,45.753,169.998,134.472,130.6,Cru
1399,45.789,167.091,134.621,130.129,Cru
1400,45.821,162.507,134.246,128.879,Cru
1401,45.853,166.777,133.801,129.473,Cru
1402,45.885,169.948,133.061,129.695,Cru
1403,45.917,185.016,132.92,133.228,Cru
1404,45.949,164.351,132.727,128.264,Cru
1405,45.985,162.291,132.511,127.866,Cru
1406,46.017,156.117,129.071,126.401,Cru
1407,46.049,163.691,132.242,129.094,Cru
1408,46.081,154.477,130.433,126.87,Cru
1409,46.113,153.133,129.275,125.421,Cru
1410,46.149,154.857,129.24,126.745,Cru
1411,46.181,155.47,129.737,126.195,Cru
1412,46.213,153.912,129.756,126.052,Cru
1413,46.245,154.049,129.562,125.812,Cru
1414,46.277,153.055,129.38,125.298,Cru
1415,46.313,148.789,128.323,125.466,Cru
1416,46.345,151.349,128.838,126.22,Cru
1417,46.377,154.522,129.402,126.864,Cru
1418,46.409,154.122,129.963,126.796,Cru
1419,46.441,152.477,129.639,126.803,Cru
1420,46.473,150.691,129.333,126.258,Cru
1421,46.509,146.875,130.166,126.418,Cru
1422,46.541,147.949,130.054,126.685,Cru
1423,46.573,148.865,130.367,126.446,Cru
1424,46.605,149.301,131.387,126.636,Cru
1425,46.637,150.418,131.518,127.076,Cru
1426,46.673,148.6,130.652,126.806,Cru
1427,46.705,149.963,130.458,127.231,Cru
1428,46.737,151.396,131.451,127.743,Cru
1429,46.769,149.331,131.141,127.486,Cru
1430,46.801,147.841,131.357,126.877,Cru
1431,46.837,148.645,131.51,126.86,Cru
1432,46.869,151.765,131.539,127.964,Cru
1433,46.901,155.575,132.64,128.821,Cru
1434,46.933,163.635,134.693,131.207,Cru
1435,46.965,154.62,132.337,128.985,Cru
1436,46.997,151.153,132.563,127.965,Cru
1437,47.033,149.171,131.899,127.556,Cru
1438,47.065,147.77,131.9,126.856,Cru
1439,47.097,148.38,131.691,127.29,Cru
1440,47.129,147.767,131.768,126.883,Cru
1441,47.161,146.743,131.771,126.711,Cru
1442,47.197,145.836,131.813,126.694,Cru
1443,47.229,147.416,131.841,127.53,Cru
1444,47.261,150.984,133.143,128.123,Cru
1445,47.293,153.703,133.625,128.905,Cru
1446,47.325,156.332,134.39,129.658,Cru
1447,47.361,155.722,134.42,129.691,Cru
1448,47.393,150.458,133.235,128.222,Cru
1449,47.425,151.379,133.833,128.24,Cru
1450,47.457,154.687,134.839,129.839,Cru
1451,47.489,161.98,133.969,130.513,Cru
1452,47.521,161.551,134.459,131.316,Cru
1453,47.557,159.351,133.889,130.311,Cru
1454,47.589,159.005,133.745,130.404,Cru
1455,47.621,157.363,133.492,129.85,Cru
1456,47.653,157.681,133.333,129.532,Cru
1457,47.685,156.523,132.956,129.228,Cru
1458,47.721,155.228,132.909,128.45,Cru
1459,47.753,156.135,132.489,128.706,Cru
1460,47.785,155.939,133.1,128.78,Cru
1461,47.817,157.215,133.644,129.415,Cru
1462,47.849,159.616,133.243,129.402,Cru
1463,47.885,156.416,131.7,127.837,Cru
1464,47.917,152.903,130.463,126.578,Cru
1465,47.949,153.76,130.371,126.596,Cru
1466,47.981,154.878,130.815,127.425,Cru
1467,48.013,157.906,132.652,128.289,Cru
1468,48.045,155.615,132.402,127.917,Cru
1469,48.081,153.663,131.101,127.742,Cru
1470,48.113,149.84,129.021,125.37,Cru
1471,48.145,146.457,128.089,123.764,Cru
1472,48.177,148.109,127.894,124.01,Cru
1473,48.209,147.674,128.339,124.094,Cru
1474,48.245,148.47,128.812,124.556,Cru
1475,48.277,147.571,128.635,124.431,Cru
1476,48.309,147.064,128.219,124.26,Cru
1477,48.341,148.65,128.219,124.178,Cru
1478,48.373,150.576,129.206,124.732,Cru
1479,48.409,154.491,130.524,126.386,Cru
1480,48.441,156.757,131.501,127.807,Cru
1481,48.473,159.796,132.314,128.054,Cru
1482,48.505,161.183,132.663,129.328,Cru
1483,48.537,162.722,133.735,130.108,Cru
1484,48.569,164.676,134.233,131.24,Cru
1485,48.605,166.345,135.049,131.943,Cru
1486,48.637,165.554,134.639,131.493,Cru
1487,48.669,162.348,134.459,130.965,Cru
1488,48.701,159.969,134.788,130.972,Cru
1489,48.733,161.212,135.404,130.911,Cru
1490,48.769,158.312,134.783,130.392,Cru
1491,48.801,153.607,133.723,128.652,Cru
1492,48.833,151.617,134.235,128.162,Cru
1493,48.865,152.421,134.461,128.489,Cru
1494,48.897,157.198,135.674,130.069,Cru
1495,48.933,156.273,135.594,130.004,Cru
1496,48.965,157.367,135.052,129.652,Cru
1497,48.997,155.086,134.422,129.12,Cru
1498,49.029,158.916,135.2,130.324,Cru
1499,49.061,164.538,135.945,132.319,Cru
1500,49.093,166.306,136.893,133.37,Cru
1501,49.129,165.436,136.485,132.836,Cru
1502,49.161,165.261,136.053,132.53,Cru
1503,49.193,163.411,136.432,132.537,Cru
1504,49.225,161.352,136.578,132.093,Cru
1505,49.257,163.562,137.124,132.557,Cru
1506,49.293,166.578,137.543,133.196,Cru
1507,49.325,161.288,136.962,131.75,Cru
1508,49.357,152.627,135.369,129.052,Cru
1509,49.389,152.344,134.765,128.769,Cru
1510,49.421,155.965,135.682,129.802,Cru
1511,49.457,155.388,135.524,129.373,Cru
1512,49.489,156.889,135.085,129.811,Cru
1513,49.521,157.621,135.316,129.864,Cru
1514,49.553,158.099,135.22,130.019,Cru
1515,49.585,156.837,135.356,129.491,Cru
1516,49.617,158.53,135.368,130.673,Cru
1517,49.653,160.889,135.909,131.177,Cru
1518,49.685,163.358,135.85,131.373,Cru
1519,49.717,163.707,136.066,131.318,Cru
1520,49.749,161.11,136.395,130.927,Cru
1521,49.781,162.894,137.128,132.196,Cru
1522,49.817,165.458,137.049,132.568,Cru
1523,49.849,162.733,136.312,131.391,Cru
1524,49.881,157.18,134.779,129.419,Cru
1525,49.913,151.412,133.773,127.686,Cru
1526,49.945,157.164,135.606,129.991,Cru
1527,49.981,159.047,136.387,130.149,Cru
1528,50.013,160.317,137.126,130.88,Cru
1529,50.045,161.154,137.227,131.384,Cru
1530,50.077,155.097,136.664,129.638,Cru
1531,50.109,151.621,135.838,128.625,Cru
1532,50.141,155.196,136.438,129.479,Cru
1533,50.177,159.317,137.572,130.944,Cru
1534,50.209,161.04,137.883,131.577,Cru
1535,50.241,158.422,137.1,130.549,Cru
1536,50.273,158.852,136.96,130.382,Cru
1537,50.305,156.163,136.737,129.343,Cru
1538,50.341,159.741,136.732,130.431,Cru
1539,50.373,162.899,137.085,131.289,Cru
1540,50.405,159.734,136.799,130.041,Cru
1541,50.437,160.237,135.38,129.027,Cru
1542,50.469,160.922,134.98,129.643,Cru
1543,50.505,162.361,135.524,130.177,Cru
1544,50.537,162.659,135.662,129.751,Cru
1545,50.569,160.473,135.57,129.54,Cru
1546,50.601,163.572,135.258,129.683,Cru
1547,50.633,162.967,134.302,128.889,Cru
1548,50.665,161.92,134.238,129.021,Cru
1549,50.701,159.163,135.448,128.806,Cru
1550,50.733,162.101,136.236,129.879,Cru
1551,50.765,164.501,136.53,131.135,Cru
1552,50.797,165.887,136.697,131.244,Cru
1553,50.829,163.978,135.562,129.839,Cru
1554,50.865,159.48,134.603,129.028,Cru
1555,50.897,160.339,135.093,130.263,Cru
1556,50.929,161.166,133.559,130.838,Cru
1557,50.961,159.117,133.97,130.505,Cru
1558,50.993,159.203,134.049,130.419,Cru
1559,51.029,157.602,134.452,130.09,Cru
1560,51.061,157.831,135.182,130.306,Cru
1561,51.093,161.094,135.953,131.504,Cru
1562,51.125,160.265,135.812,131.209,Cru
1563,51.157,159.246,136.216,131.008,Cru
1564,51.189,159.497,135.887,131.023,Cru
1565,51.225,160.326,136.485,131.274,Cru
1566,51.257,159.943,135.889,130.851,Cru
1567,51.289,155.367,134.899,129.763,Cru
1568,51.321,158.508,135.139,130.63,Cru
1569,51.353,163.677,136.809,132.23,Cru
1570,51.389,167.992,137.111,132.914,Cru
1571,51.421,164.579,136.072,132.693,Cru
1572,51.453,162.863,135.217,131.796,Cru
1573,51.485,163.981,135.181,131.614,Cru
1574,51.517,158.112,134.282,130.822,Cru
1575,51.549,154.687,134.748,130.352,Cru
1576,51.585,158.256,135.703,131.116,Cru
1577,51.617,158.397,135.185,131.245,Cru
1578,51.649,159.314,135.333,131.582,Cru
1579,51.681,159.666,135.35,131.916,Cru
1580,51.713,158.147,136.697,132.545,Cru
1581,51.749,162.45,137.155,133.039,Cru
1582,51.781,160.349,136.945,133.124,Cru
1583,51.813,158.504,136.217,132.152,Cru
1584,51.845,164.545,137.341,133.707,Cru
1585,51.877,155.579,135.47,131.205,Cru
1586,51.913,155.106,135.413,130.712,Cru
1587,51.945,159.686,136.466,132.197,Cru
1588,51.977,159.166,135.931,132.532,Cru
1589,52.009,153.565,134.909,130.017,Cru
1590,52.041,152.422,134.582,130.008,Cru
1591,52.073,153.129,135.084,129.683,Cru
1592,52.109,156.163,136.091,130.978,Cru
1593,52.141,158.226,136.068,131.09,Cru
1594,52.173,157.776,136.124,130.647,Cru
1595,52.205,151.418,134.971,130.547,Cru
1596,52.237,153.12,135.167,130.915,Cru
1597,52.273,155.294,135.158,131.128,Cru
1598,52.305,155.194,135.49,131.164,Cru
1599,52.337,162.473,136.978,133.133,Cru
1600,52.369,154.74,135.203,130.792,Cru
1601,52.401,147.732,134.676,130.484,Cru
1602,52.437,144.345,134.36,128.544,Cru
1603,52.469,144.228,134.749,128.893,Cru
1604,52.501,144.036,134.703,129.167,Cru
1605,52.533,144.537,134.487,129.14,Cru
1606,52.565,146.944,134.1,129.853,Cru
1607,52.601,146.701,133.706,129.712,Cru
1608,52.633,148.275,134.095,130.493,Cru
1609,52.665,148.041,134.363,130.01,Cru
1610,52.697,149.644,133.388,129.219,Cru
1611,52.729,147.897,132.849,128.683,Cru
1612,52.761,146.476,133.804,128.479,Cru
1613,52.797,146.622,133.34,128.565,Cru
1614,52.829,148.566,134.092,129.366,Cru
1615,52.861,152.946,134.9,130.627,Cru
1616,52.893,154.558,135.798,130.703,Cru
1617,52.925,153.719,135.058,130.63,Cru
1618,52.961,150.585,133.714,129.083,Cru
1619,52.993,152.057,133.798,129.442,Clara
1620,53.025,150.155,133.887,129.185,Clara
1621,53.057,152.84,135.313,129.811,Clara
1622,53.089,158.037,135.801,131.213,Clara
1623,53.121,159.0,135.575,131.035,Clara
1624,53.157,157.749,134.507,130.646,Clara
1625,53.189,152.456,133.417,129.121,Clara
1626,53.221,153.547,133.454,129.456,Clara
1627,53.253,155.499,134.004,129.346,Clara
1628,53.285,154.231,132.941,128.998,Clara
1629,53.321,155.714,133.879,129.397,Clara
1630,53.353,154.256,134.217,129.122,Clara
1631,53.385,157.751,134.083,129.532,Clara
1632,53.417,159.7,134.819,130.446,Clara
1633,53.449,162.71,135.242,131.399,Clara
1634,53.485,161.887,135.312,131.085,Clara
1635,53.517,159.754,135.123,130.053,Clara
1636,53.549,161.428,134.842,131.016,Clara
1637,53.581,161.224,135.394,130.872,Clara
1638,53.613,161.341,135.358,130.826,Clara
1639,53.645,160.57,134.637,130.113,Clara
1640,53.681,161.955,134.474,130.527,Clara
1641,53.713,164.956,134.872,131.182,Clara
1642,53.745,162.103,134.177,130.138,Clara
1643,53.777,161.125,132.848,129.388,Clara
1644,53.809,160.512,131.976,128.202,Clara
1645,53.845,154.641,132.25,127.576,Clara
1646,53.877,155.894,132.994,128.136,Clara
1647,53.909,155.901,133.518,128.277,Clara
1648,53.941,157.301,133.697,128.648,Clara
1649,53.973,157.842,133.389,128.678,Clara
1650,54.009,157.139,133.438,128.555,Clara
1651,54.041,155.829,133.771,128.175,Clara
1652,54.073,154.687,133.859,128.185,Clara
1653,54.105,155.482,134.393,128.968,Clara
1654,54.137,155.867,134.106,129.118,Clara
1655,54.173,154.5,133.558,129.212,Clara
1656,54.205,153.079,133.155,128.364,Clara
1657,54.237,149.892,133.549,127.819,Clara
1658,54.269,148.438,133.605,127.785,Clara
1659,54.301,150.533,133.885,128.363,Clara
1660,54.333,150.385,134.036,128.575,Clara
1661,54.369,153.591,132.288,128.126,Clara
1662,54.401,153.498,132.143,128.011,Clara
1663,54.433,152.559,132.419,128.333,Clara
1664,54.465,153.806,133.593,129.12,Clara
1665,54.497,155.087,134.11,129.551,Clara
1666,54.533,152.438,133.398,128.878,Clara
1667,54.565,147.085,132.432,127.644,Clara
1668,54.597,149.048,133.531,128.585,Clara
1669,54.629,150.171,133.934,128.973,Clara
1670,54.661,148.618,133.213,128.267,Clara
1671,54.697,148.275,132.969,128.11,Clara
1672,54.729,148.555,132.93,127.777,Clara
1673,54.761,147.267,133.422,128.352,Clara
1674,54.793,150.971,134.813,129.485,Clara
1675,54.825,151.485,134.902,130.106,Clara
1676,54.857,151.163,134.493,129.204,Clara
1677,54.893,150.777,134.075,129.029,Clara
1678,54.925,150.944,134.041,128.922,Clara
1679,54.957,150.07,135.01,128.958,Clara
1680,54.989,152.346,135.442,129.768,Clara
1681,55.021,150.792,135.165,129.121,Clara
1682,55.057,150.477,134.471,129.025,Clara
1683,55.089,150.869,134.584,129.216,Clara
1684,55.121,153.21,134.831,129.938,Clara
1685,55.153,153.921,134.862,129.749,Clara
1686,55.185,152.313,133.8,129.35,Clara
1687,55.221,152.612,134.5,129.94,Clara
1688,55.253,151.433,134.917,129.661,Clara
1689,55.285,153.142,135.314,129.845,Clara
1690,55.317,152.437,135.465,130.108,Clara
1691,55.349,153.495,136.361,130.644,Clara
1692,55.381,152.225,136.232,129.985,Clara
1693,55.417,147.89,135.086,129.183,Clara
1694,55.449,150.898,135.934,129.618,Clara
1695,55.481,149.064,135.798,129.195,Clara
1696,55.513,148.815,135.262,128.681,Clara
1697,55.545,150.482,134.425,128.599,Clara
1698,55.581,150.126,134.421,128.841,Clara
1699,55.613,144.648,134.763,127.774,Clara
1700,55.645,146.388,136.05,128.439,Clara
1701,55.677,148.23,136.467,129.573,Clara
1702,55.709,146.182,136.714,128.974,Clara
1703,55.745,142.989,134.657,128.253,Clara
1704,55.777,143.003,134.48,127.363,Clara
1705,55.809,144.22,135.988,128.857,Clara
1706,55.841,145.882,136.508,129.428,Clara
1707,55.873,143.04,135.599,128.482,Clara
1708,55.905,137.668,133.83,126.558,Clara
1709,55.941,140.744,130.887,125.25,Clara
1710,55.973,141.693,131.558,125.388,Clara
1711,56.005,144.333,131.509,126.212,Clara
1712,56.037,148.59,130.175,126.12,Clara
1713,56.069,147.824,129.752,125.64,Clara
1714,56.105,148.429,130.078,125.799,Clara
1715,56.137,150.957,130.746,127.206,Clara
1716,56.169,151.749,131.581,127.67,Clara
1717,56.201,149.054,131.139,126.205,Clara
1718,56.233,147.401,130.523,125.916,Clara
1719,56.269,144.696,130.336,125.773,Clara
1720,56.301,145.491,131.76,126.057,Clara
1721,56.333,149.055,133.421,127.557,Clara
1722,56.365,151.655,134.371,128.775,Clara
1723,56.397,151.451,133.948,128.304,Clara
1724,56.429,149.771,133.572,127.801,Clara
1725,56.465,148.297,133.061,126.986,Clara
1726,56.497,149.246,134.04,127.472,Clara
1727,56.529,150.732,134.405,127.947,Clara
1728,56.561,152.355,134.246,127.799,Clara
1729,56.593,154.125,134.545,128.21,Clara
1730,56.629,151.887,134.486,128.149,Clara
1731,56.661,153.709,135.002,129.16,Clara
1732,56.693,154.121,135.197,128.999,Clara
1733,56.725,155.058,135.309,129.449,Clara
1734,56.757,151.734,133.554,127.904,Clara
1735,56.793,151.62,133.742,127.397,Clara
1736,56.825,152.764,133.578,127.813,Clara
1737,56.857,153.908,133.887,127.677,Clara
1738,56.889,152.467,133.9,127.512,Clara
1739,56.921,152.456,134.157,127.159,Clara
1740,56.953,162.103,136.382,130.98,Clara
1741,56.989,160.188,135.166,129.532,Clara
1742,57.021,161.192,134.798,129.107,Clara
1743,57.053,155.817,133.328,127.593,Clara
1744,57.085,152.068,132.601,126.502,Clara
1745,57.117,152.729,133.55,126.608,Clara
1746,57.153,154.211,134.391,127.175,Clara
1747,57.185,153.02,133.641,126.985,Clara
1748,57.217,152.662,132.621,126.375,Clara
1749,57.249,152.75,132.524,126.516,Clara
1750,57.281,153.859,133.343,127.123,Clara
1751,57.317,155.412,133.741,127.887,Clara
1752,57.349,153.795,133.401,127.203,Clara
1753,57.381,160.328,134.833,129.129,Clara
1754,57.413,157.05,134.638,128.234,Clara
1755,57.445,152.947,133.77,126.733,Clara
1756,57.477,155.913,133.764,127.513,Clara
1757,57.513,158.542,134.734,128.869,Clara
1758,57.545,158.15,135.128,128.641,Clara
1759,57.577,158.123,135.132,128.543,Clara
1760,57.609,153.975,132.615,126.742,Clara
1761,57.641,151.198,131.737,125.775,Clara
1762,57.677,149.264,131.156,124.746,Clara
1763,57.709,149.095,131.092,125.325,Clara
1764,57.741,151.767,131.725,125.625,Clara
1765,57.773,154.403,132.556,126.346,Clara
1766,57.805,155.36,132.39,126.193,Clara
1767,57.841,154.575,131.923,126.354,Clara
1768,57.873,154.392,132.826,126.227,Clara
1769,57.905,153.524,132.886,126.477,Clara
1770,57.937,155.573,133.414,126.884,Clara
1771,57.969,157.933,133.919,127.7,Clara
1772,58.001,157.024,133.526,127.451,Clara
1773,58.037,158.228,134.095,127.903,Clara
1774,58.069,184.37,138.964,136.652,Clara
1775,58.101,154.621,133.301,126.325,Clara
1776,58.133,154.379,133.805,126.875,Clara
1777,58.165,155.402,134.024,127.083,Clara
1778,58.201,155.032,133.343,127.098,Clara
1779,58.233,157.604,133.748,127.859,Clara
1780,58.265,158.52,134.156,127.928,Clara
1781,58.297,160.513,134.783,128.041,Clara
1782,58.329,157.657,133.48,126.977,Clara
1783,58.365,154.938,132.971,126.278,Clara
1784,58.397,151.241,130.91,126.309,Clara
1785,58.429,152.718,131.434,126.913,Clara
1786,58.461,154.314,132.822,127.669,Clara
1787,58.493,156.653,132.92,128.568,Clara
1788,58.525,155.905,131.476,127.978,Clara
1789,58.561,156.186,131.083,127.752,Clara
1790,58.593,155.601,132.205,127.694,Clara
1791,58.625,156.735,133.08,128.014,Clara
1792,58.657,155.289,132.747,127.367,Clara
1793,58.689,148.054,132.501,126.426,Clara
1794,58.725,144.933,131.204,125.446,Clara
1795,58.757,144.074,131.575,125.461,Clara
1796,58.789,147.419,132.826,126.677,Clara
1797,58.821,151.913,134.27,127.954,Clara
1798,58.853,152.413,133.561,128.102,Clara
1799,58.889,150.397,132.376,127.314,Clara
1800,58.921,153.232,133.027,127.936,Clara
1801,58.953,151.994,133.459,127.699,Clara
1802,58.985,154.416,134.751,128.997,Clara
1803,59.017,152.055,133.37,128.233,Clara
1804,59.049,148.394,132.126,126.605,Clara
1805,59.085,150.367,133.111,127.408,Clara
1806,59.117,153.184,134.38,127.931,Clara
1807,59.149,153.86,133.263,127.419,Clara
1808,59.181,150.4,131.892,126.072,Clara
1809,59.213,147.134,132.144,125.538,Clara
1810,59.249,146.31,132.396,125.59,Clara
1811,59.281,144.566,132.241,126.394,Clara
1812,59.313,146.022,132.239,126.715,Clara
1813,59.345,144.77,131.211,126.322,Clara
1814,59.377,143.005,129.875,125.624,Clara
1815,59.413,141.62,129.896,125.337,Clara
1816,59.445,146.274,132.715,127.128,Clara
1817,59.477,149.677,133.577,128.472,Clara
1818,59.509,149.475,133.548,128.299,Clara
1819,59.541,146.863,132.198,127.325,Clara
1820,59.573,143.587,131.451,126.618,Clara
1821,59.609,142.296,131.597,125.763,Clara
1822,59.641,143.206,131.993,126.031,Clara
1823,59.673,142.072,131.735,125.74,Clara
1824,59.705,142.439,130.955,124.893,Clara
1825,59.737,140.505,129.86,124.013,Clara
1826,59.773,140.068,130.621,124.493,Clara
1827,59.805,138.596,130.316,124.278,Clara
1828,59.837,140.531,131.41,124.632,Clara
1829,59.869,139.631,131.029,124.72,Clara
1830,59.901,142.942,131.774,125.563,Clara
1831,59.937,145.769,131.741,126.298,Clara
1832,59.969,142.0,131.451,125.567,Clara
1833,60.001,142.189,132.471,125.673,Clara
1834,60.033,145.241,133.132,126.428,Clara
1835,60.065,147.713,133.182,127.243,Clara
1836,60.097,148.066,132.708,127.525,Clara
1837,60.133,146.795,131.65,126.174,Clara
1838,60.165,143.164,130.41,124.229,Clara
1839,60.197,143.478,130.945,124.738,Clara
1840,60.229,145.77,130.975,125.781,Clara
1841,60.261,147.847,131.485,126.128,Clara
1842,60.297,148.855,131.213,125.709,Clara
1843,60.329,146.731,130.291,125.269,Clara
1844,60.361,144.055,130.112,124.399,Clara
1845,60.393,140.897,128.979,123.623,Clara
1846,60.425,138.935,129.404,123.335,Clara
1847,60.461,145.793,131.838,125.942,Clara
1848,60.493,146.228,131.842,125.988,Clara
1849,60.525,145.345,131.458,126.144,Clara
1850,60.557,144.365,131.903,125.924,Clara
1851,60.589,144.921,133.15,126.556,Clara
1852,60.621,142.702,132.464,125.963,Clara
1853,60.657,142.18,132.622,125.869,Clara
1854,60.689,140.398,131.439,125.066,Clara
1855,60.721,136.248,130.487,123.759,Clara
1856,60.753,137.297,130.868,124.239,Clara
1857,60.785,141.406,132.012,125.741,Clara
1858,60.821,144.167,132.479,126.383,Clara
1859,60.853,141.628,131.873,125.059,Clara
1860,60.885,140.141,130.991,124.874,Clara
1861,60.917,139.457,131.686,124.642,Clara
1862,60.949,143.104,132.944,126.155,Clara
1863,60.985,144.656,133.886,126.976,Clara
1864,61.017,148.008,134.901,127.969,Clara
1865,61.049,147.231,134.298,127.753,Clara
1866,61.081,141.925,132.576,125.521,Clara
1867,61.113,137.333,131.617,124.178,Clara
1868,61.145,139.557,132.007,124.593,Clara
1869,61.181,140.027,132.062,124.601,Clara
1870,61.213,139.595,131.422,124.357,Clara
1871,61.245,137.404,131.629,124.165,Clara
1872,61.277,137.498,131.965,124.271,Clara
1873,61.309,137.725,132.353,124.313,Clara
1874,61.345,139.443,132.946,124.737,Clara
1875,61.377,138.88,132.637,124.74,Clara
1876,61.409,138.09,132.555,125.011,Clara
1877,61.441,142.241,134.037,125.8,Clara
1878,61.473,141.637,133.587,125.501,Clara
1879,61.509,141.65,132.915,125.374,Clara
1880,61.541,137.097,131.981,124.526,Clara
1881,61.573,134.204,131.466,123.243,Clara
1882,61.605,136.392,132.532,123.871,Clara
1883,61.637,138.039,133.309,124.05,Clara
1884,61.669,138.308,133.02,124.198,Clara
1885,61.705,138.349,132.615,124.099,Clara
1886,61.737,137.413,132.426,123.589,Clara
1887,61.769,135.675,132.129,123.182,Clara
1888,61.801,140.113,134.702,124.965,Clara
1889,61.833,140.65,134.88,125.562,Clara
1890,61.869,140.707,134.388,125.733,Clara
1891,61.901,140.966,133.158,125.314,Clara
1892,61.933,141.531,133.529,125.074,Clara
1893,61.965,139.604,134.056,124.688,Clara
1894,61.997,138.421,134.259,124.924,Clara
1895,62.033,138.02,133.779,124.939,Clara
1896,62.065,138.84,132.507,124.734,Clara
1897,62.097,137.068,131.817,123.683,Clara
1898,62.129,139.586,127.659,123.047,Clara
1899,62.161,142.005,129.597,124.243,Clara
1900,62.193,139.906,129.097,123.372,Clara
1901,62.229,139.685,127.577,122.627,Clara
1902,62.261,138.795,127.165,122.527,Clara
1903,62.293,137.859,127.677,122.921,Clara
1904,62.325,137.338,128.947,123.085,Clara
1905,62.357,140.692,130.283,124.264,Clara
1906,62.393,142.382,130.907,124.978,Clara
1907,62.425,142.369,130.993,125.245,Clara
1908,62.457,144.36,131.252,125.874,Clara
1909,62.489,145.175,131.248,125.549,Clara
1910,62.521,143.73,130.987,125.767,Clara
1911,62.557,143.249,131.997,125.864,Clara
1912,62.589,146.508,132.82,126.765,Clara
1913,62.621,146.018,132.583,126.156,Clara
1914,62.653,143.708,130.32,124.94,Clara
1915,62.685,143.074,130.796,125.324,Clara
1916,62.717,143.776,131.769,125.452,Clara
1917,62.753,143.796,131.38,125.296,Clara
1918,62.785,143.033,131.846,124.933,Clara
1919,62.817,141.955,129.784,124.29,Clara
1920,62.849,140.668,130.155,123.394,Clara
1921,62.881,137.968,128.831,122.441,Clara
1922,62.917,137.648,129.844,122.734,Clara
1923,62.949,138.682,130.048,122.612,Clara
1924,62.981,138.478,129.775,122.892,Clara
1925,63.013,140.115,130.488,123.863,Clara
1926,63.045,139.885,129.366,123.486,Clara
1927,63.081,141.095,130.095,123.804,Clara
1928,63.113,142.317,130.567,124.082,Clara
1929,63.145,141.927,129.81,123.663,Clara
1930,63.177,140.923,129.368,123.27,Clara
1931,63.209,142.0,129.398,123.499,Clara
1932,63.241,144.888,131.014,124.44,Clara
1933,63.277,148.15,132.541,126.104,Clara
1934,63.309,149.758,132.331,126.117,Clara
1935,63.341,148.181,130.568,125.13,Clara
1936,63.373,145.865,130.146,124.135,Clara
1937,63.405,147.4,131.598,124.904,Clara
1938,63.441,145.592,130.783,124.146,Clara
1939,63.473,147.949,131.398,125.367,Clara
1940,63.505,148.241,131.366,125.022,Clara
1941,63.537,144.323,129.744,123.533,Clara
1942,63.569,143.113,129.526,123.078,Clara
1943,63.605,145.756,130.347,123.842,Clara
1944,63.637,146.557,130.217,123.997,Clara
1945,63.669,149.13,131.393,124.773,Clara
1946,63.701,150.088,131.58,125.042,Clara
1947,63.733,153.096,132.029,126.115,Clara
1948,63.765,150.278,130.198,124.93,Clara
1949,63.801,147.646,130.156,123.7,Clara
1950,63.833,152.486,131.472,125.853,Clara
1951,63.865,153.491,132.373,126.021,Clara
1952,63.897,154.203,132.448,125.512,Clara
1953,63.929,149.196,129.715,123.311,Clara
1954,63.965,147.38,128.884,122.622,Clara
1955,63.997,147.211,128.844,123.197,Clara
1956,64.029,150.818,130.251,124.655,Clara
1957,64.061,153.259,131.473,125.394,Clara
1958,64.093,151.709,130.593,124.885,Clara
1959,64.129,149.281,129.939,123.251,Clara
1960,64.161,148.722,129.592,123.51,Clara
1961,64.193,149.305,129.87,123.52,Clara
1962,64.225,150.169,129.864,123.86,Clara
1963,64.257,150.36,129.692,123.742,Clara
1964,64.289,151.748,129.504,123.407,Clara
1965,64.325,150.57,128.689,122.937,Clara
1966,64.357,151.304,129.444,123.651,Clara
1967,64.389,153.584,130.651,124.26,Clara
1968,64.421,156.007,131.781,125.168,Clara
1969,64.453,156.404,131.126,125.15,Clara
1970,64.489,150.784,127.97,124.659,Clara
1971,64.521,149.818,128.233,124.939,Clara
1972,64.553,149.269,128.339,124.695,Clara
1973,64.585,149.374,128.184,124.225,Clara
1974,64.617,151.346,127.947,124.224,Clara
1975,64.653,148.251,127.466,123.435,Clara
1976,64.685,149.927,127.788,123.905,Clara
1977,64.717,151.646,128.791,124.228,Clara
1978,64.749,151.239,128.87,124.774,Clara
1979,64.781,150.882,128.802,124.802,Clara
1980,64.813,150.611,128.979,124.588,Clara
1981,64.849,152.21,129.884,125.562,Clara
1982,64.881,153.612,130.338,125.69,Clara
1983,64.913,152.791,129.498,124.988,Clara
1984,64.945,152.144,129.238,124.667,Clara
1985,64.977,149.577,128.831,123.863,Clara
1986,65.013,152.422,129.72,124.737,Clara
1987,65.045,153.609,130.392,125.151,Clara
1988,65.077,155.553,130.993,126.044,Clara
1989,65.109,156.056,130.442,126.005,Clara
1990,65.141,156.85,130.81,126.208,Clara
1991,65.177,156.493,130.048,125.848,Clara
1992,65.209,155.567,129.803,125.638,Clara
1993,65.241,155.393,130.331,125.608,Clara
1994,65.273,158.96,132.251,126.517,Clara
1995,65.305,161.611,132.024,127.763,Clara
1996,65.337,164.505,132.469,128.323,Clara
1997,65.373,167.198,133.588,129.289,Clara
1998,65.405,161.249,131.507,126.863,Clara
1999,65.437,162.036,130.528,126.184,Clara
2000,65.469,156.468,127.945,125.377,Clara
2001,65.501,157.362,129.047,125.741,Clara
2002,65.537,161.704,130.015,126.99,Clara
2003,65.569,163.837,130.745,127.441,Clara
2004,65.601,161.228,130.051,125.977,Clara
2005,65.633,160.77,130.015,125.612,Clara
2006,65.665,158.831,131.181,126.174,Clara
2007,65.697,160.155,131.239,126.549,Clara
2008,65.733,157.039,130.653,125.755,Clara
2009,65.765,150.883,130.861,125.868,Clara
2010,65.797,151.45,130.405,126.103,Clara
2011,65.829,148.871,129.976,125.633,Clara
2012,65.861,142.41,130.071,125.514,Clara
2013,65.897,145.357,131.098,126.461,Clara
2014,65.929,144.624,130.584,125.963,Clara
2015,65.961,144.492,130.714,125.704,Clara
2016,65.993,142.465,129.903,125.158,Clara
2017,66.025,143.797,129.843,125.557,Clara
2018,66.061,141.744,129.592,124.931,Clara
2019,66.093,142.843,130.418,125.308,Clara
2020,66.125,145.495,130.322,125.795,Clara
2021,66.157,144.557,129.702,125.436,Clara
2022,66.189,143.644,129.739,124.926,Clara
2023,66.225,142.311,129.809,125.152,Clara
2024,66.257,142.327,130.193,125.691,Clara
2025,66.289,144.461,130.793,126.059,Clara
2026,66.321,142.116,130.274,125.347,Clara
2027,66.353,148.17,129.047,125.2,Clara
2028,66.385,149.202,128.781,125.372,Clara
2029,66.421,149.649,129.477,124.735,Clara
2030,66.453,142.562,128.951,124.176,Clara
2031,66.485,142.887,129.55,124.663,Clara
2032,66.517,141.714,129.224,124.245,Clara
2033,66.549,147.046,128.915,123.956,Clara
2034,66.585,146.508,127.292,123.599,Clara
2035,66.617,143.93,127.259,123.077,Clara
2036,66.649,144.027,128.325,123.252,Clara
2037,66.681,146.759,128.847,124.226,Clara
2038,66.713,147.438,128.683,123.905,Clara
2039,66.749,147.375,127.543,123.47,Clara
2040,66.781,146.703,127.922,123.761,Clara
2041,66.813,144.392,129.415,124.022,Clara
2042,66.845,145.023,129.761,124.726,Clara
2043,66.877,146.339,130.499,125.031,Clara
2044,66.909,146.318,129.46,124.899,Clara
2045,66.945,145.715,128.834,124.443,Clara
2046,66.977,144.428,129.007,124.102,Clara
2047,67.009,146.587,130.295,124.424,Clara
2048,67.041,147.889,130.876,124.946,Clara
2049,67.073,148.857,131.445,125.1,Clara
2050,67.109,152.15,131.638,126.132,Clara
2051,67.141,152.18,131.659,126.068,Clara
2052,67.173,150.388,131.848,125.569,Clara
2053,67.205,147.354,129.863,124.3,Clara
2054,67.237,145.638,128.856,123.516,Clara
2055,67.273,146.982,128.909,123.549,Clara
2056,67.305,145.911,128.874,123.198,Clara
2057,67.337,145.28,128.422,123.341,Clara
2058,67.369,149.167,129.649,124.777,Clara
2059,67.401,146.94,130.059,124.392,Clara
2060,67.433,145.841,130.556,124.744,Clara
2061,67.469,148.625,131.993,125.586,Clara
2062,67.501,147.677,131.985,124.899,Clara
2063,67.533,145.237,129.593,123.658,Clara
2064,67.565,146.009,129.087,123.49,Clara
2065,67.597,143.728,130.005,123.268,Clara
2066,67.633,145.875,131.835,124.296,Clara
2067,67.665,149.849,132.929,125.684,Clara
2068,67.697,151.062,133.564,126.529,Clara
2069,67.729,149.125,132.203,125.142,Clara
2070,67.761,145.002,129.951,123.283,Clara
2071,67.797,143.841,130.209,123.342,Clara
2072,67.829,145.148,131.217,123.98,Clara
2073,67.861,142.555,130.259,122.994,Clara
2074,67.893,141.275,128.983,122.102,Clara
2075,67.925,136.354,126.467,120.054,Clara
2076,67.957,134.001,126.887,119.47,Clara
2077,67.993,137.044,128.484,121.421,Clara
2078,68.025,140.111,129.232,122.642,Clara
2079,68.057,141.071,129.987,122.927,Clara
2080,68.089,138.297,128.752,121.599,Clara
2081,68.121,136.323,128.417,120.771,Clara
2082,68.157,137.835,129.115,121.984,Clara
2083,68.189,142.962,131.636,123.927,Clara
2084,68.221,145.352,132.127,124.797,Clara
2085,68.253,145.038,131.96,124.236,Clara
2086,68.285,143.763,131.02,123.651,Clara
2087,68.321,140.77,130.418,122.933,Clara
2088,68.353,138.815,130.951,122.565,Clara
2089,68.385,141.793,131.29,123.341,Clara
2090,68.417,143.582,131.679,124.273,Clara
2091,68.449,141.175,130.985,122.858,Clara
2092,68.481,140.258,130.006,122.837,Clara
2093,68.517,140.67,130.646,123.153,Clara
2094,68.549,143.866,131.702,124.322,Clara
2095,68.581,142.768,131.284,123.5,Clara
2096,68.613,141.502,130.588,122.889,Clara
2097,68.645,140.836,130.299,122.543,Clara
2098,68.681,143.139,130.947,123.003,Clara
2099,68.713,141.467,131.114,123.141,Clara
2100,68.746,144.543,132.62,124.176,Clara
2101,68.777,144.735,132.372,124.358,Clara
2102,68.809,139.804,130.294,122.205,Clara
2103,68.845,138.577,129.371,121.436,Clara
2104,68.877,137.946,129.549,121.902,Clara
2105,68.909,137.136,130.146,121.322,Clara
2106,68.941,140.177,130.837,122.618,Clara
2107,68.973,140.024,130.655,122.981,Clara
2108,69.005,145.24,124.821,122.956,Clara
2109,69.041,147.681,126.378,123.84,Clara
2110,69.073,150.87,128.386,125.363,Clara
2111,69.105,149.609,127.002,124.203,Clara
2112,69.137,148.196,126.3,123.672,Clara
2113,69.169,144.691,125.843,122.602,Clara
2114,69.205,143.268,125.67,122.386,Clara
2115,69.237,146.715,126.584,123.443,Clara
2116,69.269,146.948,126.245,123.784,Clara
2117,69.301,155.017,128.763,126.54,Clara
2118,69.333,146.57,127.288,123.763,Clara
2119,69.369,142.551,125.965,122.254,Clara
2120,69.401,143.682,125.81,122.462,Clara
2121,69.433,144.505,126.325,122.493,Clara
2122,69.465,144.855,125.957,122.788,Clara
2123,69.497,143.794,127.066,122.415,Clara
2124,69.529,144.974,127.215,122.979,Clara
2125,69.565,146.609,127.756,124.07,Clara
2126,69.598,147.109,128.639,124.113,Clara
2127,69.629,146.592,127.438,123.862,Clara
2128,69.661,147.249,127.343,124.203,Clara
2129,69.693,148.124,128.346,124.381,Clara
2130,69.729,146.77,127.518,123.267,Clara
2131,69.761,148.141,128.484,123.811,Clara
2132,69.793,149.656,128.102,123.8,Clara
2133,69.825,146.202,126.429,122.527,Clara
2134,69.857,143.577,125.934,121.897,Clara
2135,69.893,146.398,127.222,123.118,Clara
2136,69.925,148.553,128.207,123.522,Clara
2137,69.957,145.854,126.885,122.162,Clara
2138,69.989,144.967,125.924,121.727,Clara
2139,70.021,147.273,126.188,122.373,Clara
2140,70.053,148.533,128.212,123.264,Clara
2141,70.089,149.29,128.708,123.531,Clara
2142,70.121,148.894,128.533,123.839,Clara
2143,70.153,149.128,128.12,123.875,Clara
2144,70.185,152.076,128.733,124.395,Clara
2145,70.217,151.709,127.981,123.74,Clara
2146,70.253,152.311,127.952,123.737,Clara
2147,70.285,151.423,128.695,123.622,Clara
2148,70.317,148.668,127.802,123.076,Clara
2149,70.349,146.993,126.822,122.279,Clara
2150,70.381,144.734,126.626,121.846,Clara
2151,70.417,145.267,127.103,121.944,Clara
2152,70.449,147.183,128.101,122.463,Clara
2153,70.481,151.338,128.533,123.607,Clara
2154,70.514,151.297,127.738,123.309,Clara
2155,70.545,146.658,127.075,122.31,Clara
2156,70.577,148.455,128.329,122.954,Clara
2157,70.613,149.417,128.687,123.12,Clara
2158,70.646,150.02,128.261,123.281,Clara
2159,70.677,148.833,127.457,122.475,Clara
2160,70.709,147.166,126.402,121.98,Clara
2161,70.742,146.631,126.733,122.116,Clara
2162,70.778,147.319,125.824,121.816,Clara
2163,70.809,146.452,125.701,121.529,Clara
2164,70.842,146.117,126.443,121.295,Clara
2165,70.873,146.116,126.031,121.606,Clara
2166,70.905,148.162,126.99,121.968,Clara
2167,70.941,147.376,126.197,121.715,Clara
2168,70.973,146.347,125.656,121.559,Clara
2169,71.005,145.534,126.792,121.519,Clara
2170,71.037,146.801,127.577,122.497,Clara
2171,71.069,146.915,128.759,122.691,Clara
2172,71.101,148.129,129.06,122.735,Clara
2173,71.137,148.968,128.92,123.321,Clara
2174,71.17,151.998,128.937,123.74,Clara
2175,71.201,151.827,128.166,123.703,Clara
2176,71.233,148.323,128.291,122.696,Clara
2177,71.266,148.855,129.071,123.054,Clara
2178,71.302,150.628,130.015,123.64,Clara
2179,71.333,152.39,129.699,123.717,Clara
2180,71.366,151.125,128.546,123.056,Clara
2181,71.397,150.631,128.344,122.467,Clara
2182,71.429,152.048,130.135,123.367,Clara
2183,71.465,147.81,126.391,123.451,Clara
2184,71.497,147.005,125.459,122.472,Clara
2185,71.529,146.918,124.122,121.608,Clara
2186,71.561,141.925,124.236,121.244,Clara
2187,71.593,137.909,124.425,120.503,Clara
2188,71.625,138.708,125.351,121.529,Clara
2189,71.661,139.598,125.8,121.9,Clara
2190,71.694,142.479,126.055,122.619,Clara
2191,71.725,143.331,125.922,122.584,Clara
2192,71.757,139.675,124.779,121.65,Clara
2193,71.789,138.291,125.083,121.07,Clara
2194,71.825,139.462,125.676,121.835,Clara
2195,71.858,141.371,126.602,122.513,Clara
2196,71.89,138.646,124.07,121.412,Clara
2197,71.921,138.56,123.668,121.009,Clara
2198,71.953,144.223,122.941,121.165,Clara
2199,71.989,144.023,123.444,121.463,Clara
2200,72.022,146.768,124.477,122.489,Clara
2201,72.053,148.865,123.648,122.507,Clara
2202,72.086,150.279,123.763,122.554,Clara
2203,72.117,148.996,123.986,122.367,Clara
2204,72.149,144.472,123.717,121.78,Clara
2205,72.186,144.757,124.566,121.999,Clara
2206,72.217,144.28,124.066,122.155,Clara
2207,72.249,144.468,125.217,122.45,Clara
2208,72.282,145.862,125.797,123.207,Clara
2209,72.314,145.181,124.764,122.373,Clara
2210,72.35,145.503,124.493,122.39,Clara
2211,72.382,149.788,126.895,123.905,Clara
2212,72.414,145.739,124.713,122.639,Clara
2213,72.446,145.935,124.463,122.263,Clara
2214,72.478,146.261,125.186,122.086,Clara
2215,72.513,146.539,124.565,122.269,Clara
2216,72.546,148.365,125.675,122.826,Clara
2217,72.577,148.632,125.935,122.929,Clara
2218,72.609,144.607,125.032,122.059,Clara
2219,72.641,146.66,125.68,122.769,Clara
2220,72.673,147.224,126.029,122.738,Clara
2221,72.709,148.64,126.1,123.215,Clara
2222,72.742,149.354,126.554,123.266,Clara
2223,72.773,149.517,126.802,123.566,Clara
2224,72.805,150.217,126.768,123.752,Clara
2225,72.837,149.207,126.708,123.091,Clara
2226,72.874,149.778,126.702,123.496,Clara
2227,72.906,150.25,127.057,123.448,Clara
2228,72.938,151.68,127.695,124.104,Clara
2229,72.97,152.759,128.421,124.713,Clara
2230,73.002,153.635,129.578,125.013,Clara
2231,73.037,155.739,130.836,125.822,Clara
2232,73.07,158.667,131.976,126.438,Clara
2233,73.101,157.201,130.563,125.501,Clara
2234,73.134,155.653,129.019,124.515,Clara
2235,73.165,154.801,128.412,123.682,Clara
2236,73.198,154.811,127.68,124.366,Clara
2237,73.234,154.092,128.15,123.845,Clara
2238,73.265,154.13,128.288,123.839,Clara
2239,73.297,155.17,127.432,123.873,Clara
2240,73.33,151.45,125.012,122.597,Clara
2241,73.362,150.987,125.566,122.135,Clara
2242,73.397,151.149,125.275,122.291,Clara
2243,73.43,150.564,125.47,122.131,Clara
2244,73.462,151.23,126.21,122.828,Clara
2245,73.494,152.646,126.197,122.92,Clara
2246,73.526,153.518,127.901,123.92,Clara
2247,73.561,155.542,128.809,124.529,Clara
2248,73.594,155.396,128.39,124.036,Clara
2249,73.626,156.643,128.247,124.185,Clara
2250,73.658,156.684,127.695,124.036,Clara
2251,73.69,157.435,128.335,123.901,Clara
2252,73.722,157.574,128.458,123.826,Clara
2253,73.758,160.441,128.412,124.178,Clara
2254,73.79,160.338,127.41,123.742,Clara
2255,73.821,159.059,127.677,123.753,Clara
2256,73.853,160.264,128.739,124.688,Clara
2257,73.885,160.204,128.516,124.548,Clara
2258,73.921,159.768,128.43,124.48,Clara
2259,73.953,158.75,127.714,123.678,Clara
2260,73.986,158.357,127.201,123.818,Clara
2261,74.017,158.254,128.674,123.936,Clara
2262,74.049,157.625,128.606,123.735,Clara
2263,74.086,158.985,129.178,124.567,Clara
2264,74.118,157.884,128.831,124.225,Clara
2265,74.149,154.331,126.718,122.262,Clara
2266,74.182,153.77,126.121,122.182,Clara
2267,74.213,153.841,126.614,121.882,Clara
2268,74.246,155.271,127.209,122.59,Clara
2269,74.282,154.256,127.061,122.411,Clara
2270,74.314,152.933,126.888,122.333,Clara
2271,74.345,153.061,127.446,122.5,Clara
2272,74.377,153.223,127.517,122.731,Clara
2273,74.409,155.12,128.402,123.495,Clara
2274,74.445,155.324,128.63,123.19,Clara
2275,74.478,158.951,129.645,125.005,Clara
2276,74.51,157.551,129.036,124.138,Clara
2277,74.542,159.153,128.471,123.842,Clara
2278,74.574,159.69,129.577,124.796,Clara
2279,74.61,159.561,129.687,124.742,Clara
2280,74.642,160.054,129.038,124.127,Clara
2281,74.674,159.91,128.238,123.705,Clara
2282,74.706,158.422,128.006,123.739,Clara
2283,74.738,158.255,128.653,123.772,Clara
2284,74.77,157.567,128.151,123.43,Clara
2285,74.806,159.615,128.304,123.623,Clara
2286,74.838,162.701,128.68,124.617,Clara
2287,74.87,161.524,128.211,123.859,Clara
2288,74.902,160.042,128.506,124.044,Clara
2289,74.934,159.188,128.888,124.117,Clara
2290,74.97,159.839,129.38,124.439,Clara
2291,75.002,159.765,129.488,124.284,Clara
2292,75.034,160.816,129.736,124.484,Clara
2293,75.066,161.58,127.604,124.239,Clara
2294,75.098,155.462,126.212,122.124,Clara
2295,75.134,155.678,127.245,122.584,Clara
2296,75.166,154.322,127.822,122.768,Clara
2297,75.198,154.01,128.085,122.524,Clara
2298,75.23,154.728,128.356,122.803,Clara
2299,75.262,157.017,128.685,123.577,Clara
2300,75.294,158.976,128.89,124.283,Clara
2301,75.33,153.616,127.536,122.183,Clara
2302,75.362,153.799,127.738,122.321,Clara
2303,75.393,154.663,128.005,122.497,Clara
2304,75.426,155.192,128.445,122.826,Clara
2305,75.458,155.513,128.53,123.073,Clara
2306,75.494,156.56,128.322,123.152,Clara
2307,75.526,153.833,127.167,121.65,Clara
2308,75.558,154.94,128.424,123.198,Clara
2309,75.59,156.69,130.242,124.012,Clara
2310,75.622,158.897,130.623,124.728,Clara
2311,75.657,157.253,129.721,123.606,Clara
2312,75.69,156.699,127.856,122.625,Clara
2313,75.722,154.437,127.428,121.934,Clara
2314,75.754,156.564,129.887,123.382,Clara
2315,75.786,157.304,130.257,123.819,Clara
2316,75.818,157.196,129.483,123.228,Clara
2317,75.854,156.605,127.717,122.424,Clara
2318,75.886,159.465,128.065,123.0,Clara
2319,75.918,159.044,128.146,123.764,Clara
2320,75.95,157.51,129.174,123.594,Clara
2321,75.982,158.747,129.243,123.971,Clara
2322,76.018,155.61,127.861,122.375,Clara
2323,76.05,157.953,129.15,123.423,Clara
2324,76.082,156.639,128.936,123.357,Clara
2325,76.114,155.539,128.942,123.175,Clara
2326,76.146,156.787,129.869,123.001,Media
2327,76.181,157.938,129.896,123.215,Media
2328,76.214,156.624,128.76,122.394,Media
2329,76.246,156.225,128.155,122.51,Media
2330,76.278,157.36,128.935,122.696,Media
2331,76.31,157.428,129.282,122.853,Media
2332,76.342,158.412,128.542,122.429,Media
2333,76.378,157.874,127.229,122.234,Media
2334,76.41,158.762,126.89,122.458,Media
2335,76.442,159.751,128.098,123.022,Media
2336,76.474,159.432,128.521,123.075,Media
2337,76.506,156.711,127.802,122.379,Media
2338,76.542,154.87,127.469,121.592,Media
2339,76.574,157.918,128.589,123.24,Media
2340,76.606,160.009,130.064,124.119,Media
2341,76.638,160.788,129.76,124.523,Media
2342,76.67,159.904,129.47,123.882,Media
2343,76.705,159.559,128.637,123.721,Media
2344,76.738,160.515,128.951,123.643,Media
2345,76.77,160.684,129.283,123.621,Media
2346,76.802,159.367,127.566,123.256,Media
2347,76.834,161.46,127.288,123.159,Media
2348,76.866,161.386,127.479,123.223,Media
2349,76.902,158.5,126.977,122.411,Media
2350,76.934,160.137,128.485,123.432,Media
2351,76.966,154.648,117.642,122.778,Media
2352,76.998,152.72,117.832,121.817,Media
2353,77.03,150.395,116.49,121.233,Media
2354,77.066,151.129,117.122,120.865,Media
2355,77.098,148.057,116.509,120.237,Media
2356,77.13,151.578,120.367,121.916,Media
2357,77.162,153.404,120.526,122.521,Media
2358,77.194,150.528,118.491,121.137,Media
2359,77.229,152.726,119.466,121.73,Media
2360,77.262,154.7,121.49,122.642,Media
2361,77.294,156.394,122.829,123.338,Media
2362,77.326,157.555,122.071,123.291,Media
2363,77.358,156.804,120.997,122.329,Media
2364,77.39,154.561,121.316,121.625,Media
2365,77.426,152.245,121.375,121.48,Media
2366,77.458,152.806,121.497,121.75,Media
2367,77.49,152.915,121.826,121.606,Media
2368,77.522,153.223,122.287,121.532,Media
2369,77.554,153.928,121.452,121.44,Media
2370,77.59,153.781,121.361,121.314,Media
2371,77.622,152.533,121.315,121.091,Media
2372,77.654,155.74,123.235,122.378,Media
2373,77.686,154.812,122.418,122.332,Media
2374,77.718,152.589,120.846,121.377,Media
2375,77.753,153.289,121.097,121.513,Media
2376,77.786,154.705,122.223,121.824,Media
2377,77.817,155.167,123.033,121.908,Media
2378,77.85,155.848,123.412,122.387,Media
2379,77.882,155.705,123.039,121.98,Media
2380,77.914,155.386,122.684,121.949,Media
2381,77.95,155.028,123.171,122.102,Media
2382,77.982,157.988,125.078,123.136,Media
2383,78.014,159.148,125.464,123.659,Media
2384,78.046,159.792,124.541,123.149,Media
2385,78.078,159.804,123.807,122.852,Media
2386,78.114,159.358,123.077,122.761,Media
2387,78.146,159.281,124.254,122.78,Media
2388,78.178,159.574,124.342,123.031,Media
2389,78.21,160.399,124.793,122.939,Media
2390,78.242,162.678,125.111,123.448,Media
2391,78.278,161.066,124.857,123.064,Media
2392,78.31,160.899,125.262,123.546,Media
2393,78.342,159.893,125.141,123.154,Media
2394,78.374,159.947,124.398,122.7,Media
2395,78.406,160.431,123.998,122.513,Media
2396,78.438,157.773,124.349,122.064,Media
2397,78.474,157.805,124.639,121.949,Media
2398,78.506,162.619,125.666,123.35,Media
2399,78.538,161.209,124.294,122.561,Media
2400,78.57,158.973,124.907,122.022,Media
2401,78.602,160.42,124.589,122.307,Media
2402,78.638,160.927,125.241,122.751,Media
2403,78.67,160.841,125.718,123.062,Media
2404,78.702,160.796,126.055,122.873,Media
2405,78.734,161.896,126.508,123.796,Media
2406,78.766,163.02,126.634,123.79,Media
2407,78.802,161.625,126.31,123.354,Media
2408,78.834,160.708,126.679,123.399,Media
2409,78.866,159.446,126.285,122.831,Media
2410,78.898,158.652,124.308,122.159,Media
2411,78.93,152.06,119.122,121.009,Media
2412,78.962,151.11,118.658,120.3,Media
2413,78.998,148.467,119.357,120.311,Media
2414,79.03,150.531,120.94,121.436,Media
2415,79.062,151.647,121.436,121.869,Media
2416,79.094,153.643,121.814,122.166,Media
2417,79.126,150.459,119.526,120.107,Media
2418,79.162,150.291,118.643,120.088,Media
2419,79.194,147.973,119.149,119.859,Media
2420,79.226,148.638,120.588,120.142,Media
2421,79.258,149.836,121.577,120.5,Media
2422,79.29,151.003,121.584,120.567,Media
2423,79.326,149.888,122.037,121.217,Media
2424,79.358,150.996,122.298,121.026,Media
2425,79.39,152.608,123.387,121.892,Media
2426,79.422,149.233,122.38,121.424,Media
2427,79.454,148.733,122.71,121.001,Media
2428,79.486,146.462,121.185,120.117,Media
2429,79.522,143.266,123.011,120.472,Media
2430,79.554,145.814,123.696,121.102,Media
2431,79.586,144.361,123.187,120.123,Media
2432,79.618,141.51,122.268,119.975,Media
2433,79.65,143.41,122.441,120.527,Media
2434,79.686,143.194,120.349,120.02,Media
2435,79.718,139.021,118.144,118.386,Media
2436,79.75,135.669,117.987,118.015,Media
2437,79.781,136.806,119.426,118.797,Media
2438,79.814,139.019,117.891,118.314,Media
2439,79.85,139.072,118.098,118.289,Media
2440,79.882,141.659,120.473,119.747,Media
2441,79.914,145.854,119.903,120.374,Media
2442,79.946,147.292,120.63,120.684,Media
2443,79.978,148.132,120.94,120.93,Media
2444,80.01,147.025,121.611,120.845,Media
2445,80.046,147.921,122.9,121.598,Media
2446,80.078,149.543,124.062,122.047,Media
2447,80.11,149.509,124.355,122.35,Media
2448,80.142,148.612,123.08,121.491,Media
2449,80.174,147.013,120.616,120.405,Media
2450,80.21,142.704,118.905,118.441,Media
2451,80.242,143.459,119.958,119.04,Media
2452,80.274,144.426,120.715,119.513,Media
2453,80.306,144.824,120.861,119.475,Media
2454,80.338,143.945,119.4,118.941,Media
2455,80.374,145.386,119.528,119.026,Media
2456,80.406,146.258,120.335,119.745,Media
2457,80.438,149.016,122.599,121.023,Media
2458,80.47,149.627,123.107,121.039,Media
2459,80.502,144.726,121.076,120.167,Media
2460,80.534,146.276,121.397,120.338,Media
2461,80.57,146.259,122.283,120.273,Media
2462,80.602,144.806,123.737,120.813,Media
2463,80.634,145.34,124.051,120.979,Media
2464,80.666,147.966,124.503,121.169,Media
2465,80.698,146.74,123.075,120.504,Media
2466,80.734,145.036,121.457,119.167,Media
2467,80.766,141.183,121.812,118.476,Media
2468,80.798,138.238,123.32,118.535,Media
2469,80.83,137.325,122.717,118.118,Media
2470,80.862,135.966,122.648,117.079,Media
2471,80.894,133.774,120.631,117.341,Media
2472,80.93,133.959,118.69,116.429,Media
2473,80.962,129.728,117.44,115.266,Media
2474,80.994,129.373,119.146,115.266,Media
2475,81.026,130.239,119.681,115.791,Media
2476,81.058,130.339,119.518,115.927,Media
2477,81.094,132.591,119.249,116.491,Media
2478,81.126,134.597,118.592,116.993,Media
2479,81.158,133.355,118.843,116.648,Media
2480,81.19,130.213,118.888,116.485,Media
2481,81.222,131.64,120.456,117.61,Media
2482,81.258,133.287,121.802,118.223,Media
2483,81.29,138.239,121.212,118.43,Media
2484,81.322,137.105,119.469,117.475,Media
2485,81.354,135.637,118.816,117.09,Media
2486,81.386,135.172,119.521,117.63,Media
2487,81.422,136.763,120.927,118.743,Media
2488,81.454,139.397,122.258,119.113,Media
2489,81.486,139.736,121.4,119.198,Media
2490,81.518,139.459,120.974,118.938,Media
2491,81.55,137.692,121.687,119.044,Media
2492,81.582,141.432,120.286,119.486,Media
2493,81.618,141.31,120.913,119.077,Media
2494,81.65,142.087,120.971,120.19,Media
2495,81.682,144.537,121.293,120.705,Media
2496,81.714,144.803,121.935,120.871,Media
2497,81.746,144.947,122.955,121.355,Media
2498,81.782,146.205,122.21,121.292,Media
2499,81.814,145.202,121.513,120.432,Media
2500,81.846,144.82,120.289,119.974,Media
2501,81.878,145.132,120.784,120.13,Media
2502,81.91,146.084,121.96,120.798,Media
2503,81.946,148.277,122.577,121.483,Media
2504,81.978,149.093,122.892,121.639,Media
2505,82.01,149.251,122.239,121.416,Media
2506,82.042,147.692,122.93,120.996,Media
2507,82.074,146.442,123.089,120.885,Media
2508,82.106,145.872,123.402,121.251,Media
2509,82.142,150.129,124.521,122.522,Media
2510,82.174,149.739,123.041,121.922,Media
2511,82.206,144.827,121.413,120.767,Media
2512,82.238,144.509,121.901,120.451,Media
2513,82.27,144.901,121.965,120.951,Media
2514,82.306,145.273,122.532,120.594,Media
2515,82.338,146.309,121.442,120.762,Media
2516,82.37,144.326,120.487,119.553,Media
2517,82.402,143.603,120.996,119.82,Media
2518,82.434,143.448,122.132,120.46,Media
2519,82.47,147.23,122.74,121.188,Media
2520,82.502,147.233,122.455,120.842,Media
2521,82.534,148.667,122.453,121.32,Media
2522,82.566,146.477,122.708,121.107,Media
2523,82.598,146.788,123.503,121.079,Media
2524,82.63,146.0,123.066,120.654,Media
2525,82.666,148.072,123.557,121.395,Media
2526,82.698,146.983,123.217,120.898,Media
2527,82.73,146.542,124.731,121.285,Media
2528,82.762,149.128,126.31,122.244,Media
2529,82.794,149.783,125.593,122.228,Media
2530,82.83,146.869,123.844,121.167,Media
2531,82.862,148.021,124.195,121.336,Media
2532,82.894,147.552,124.399,120.813,Media
2533,82.926,148.577,124.528,121.244,Media
2534,82.958,147.807,124.733,120.874,Media
2535,82.994,147.358,124.965,120.745,Media
2536,83.026,145.747,123.999,120.327,Media
2537,83.058,145.821,124.279,120.478,Media
2538,83.09,146.384,124.248,120.529,Media
2539,83.122,146.392,124.072,120.697,Media
2540,83.154,145.486,123.404,119.936,Media
2541,83.19,144.645,122.148,119.892,Media
2542,83.222,145.499,123.214,120.115,Media
2543,83.254,146.7,125.022,120.497,Media
2544,83.286,147.021,124.657,121.066,Media
2545,83.318,147.847,125.019,121.177,Media
2546,83.354,148.455,125.338,121.409,Media
2547,83.386,150.745,126.342,121.952,Media
2548,83.418,152.009,126.795,122.161,Media
2549,83.45,148.12,125.639,121.103,Media
2550,83.482,150.05,127.043,121.936,Media
2551,83.518,150.894,126.945,122.126,Media
2552,83.55,152.23,126.734,121.977,Media
2553,83.582,151.826,124.232,121.393,Media
2554,83.614,147.756,123.457,119.934,Media
2555,83.646,147.286,124.223,120.385,Media
2556,83.678,147.62,123.787,120.332,Media
2557,83.714,146.892,123.859,120.518,Media
2558,83.746,149.799,124.783,121.613,Media
2559,83.778,152.376,124.79,122.043,Media
2560,83.81,150.095,124.116,121.023,Media
2561,83.842,148.201,125.105,121.261,Media
2562,83.878,149.59,126.035,121.229,Media
2563,83.91,149.033,125.332,121.282,Media
2564,83.942,147.496,123.358,120.32,Media
2565,83.974,145.738,122.515,119.8,Media
2566,84.006,146.133,123.123,119.888,Media
2567,84.042,145.865,123.281,119.677,Media
2568,84.074,147.253,124.156,120.556,Media
2569,84.106,147.546,123.937,120.32,Media
2570,84.138,147.047,122.74,119.548,Media
2571,84.17,146.552,121.215,119.271,Media
2572,84.202,144.91,120.181,118.482,Media
2573,84.238,144.807,121.537,119.276,Media
2574,84.27,146.29,122.968,120.161,Media
2575,84.302,148.566,124.879,121.018,Media
2576,84.334,151.916,125.696,122.396,Media
2577,84.366,154.136,125.404,122.893,Media
2578,84.402,153.575,125.536,122.11,Media
2579,84.434,150.668,125.614,121.936,Media
2580,84.466,151.889,126.533,122.569,Media
2581,84.498,152.118,127.238,122.01,Media
2582,84.53,152.044,125.7,121.789,Media
2583,84.566,151.417,125.8,121.781,Media
2584,84.598,151.319,124.808,121.292,Media
2585,84.63,149.073,124.315,120.526,Media
2586,84.662,148.956,124.714,120.472,Media
2587,84.694,150.851,125.292,121.248,Media
2588,84.726,150.886,124.469,121.195,Media
2589,84.762,152.709,124.959,121.782,Media
2590,84.794,154.215,125.254,122.164,Media
2591,84.826,151.64,125.321,121.621,Media
2592,84.858,153.741,126.849,122.888,Media
2593,84.89,155.815,128.278,123.3,Media
2594,84.926,156.065,128.013,123.309,Media
2595,84.958,156.908,128.231,123.55,Media
2596,84.99,157.022,128.214,123.754,Media
2597,85.022,159.244,128.374,123.706,Media
2598,85.054,157.792,128.078,123.624,Media
2599,85.09,158.479,128.309,124.079,Media
2600,85.122,159.655,128.417,123.591,Media
2601,85.154,161.024,128.578,123.729,Media
2602,85.186,160.591,127.384,123.536,Media
2603,85.218,159.428,127.178,123.069,Media
2604,85.25,157.568,126.639,122.427,Media
2605,85.286,158.135,126.486,123.316,Media
2606,85.318,160.872,127.491,123.86,Media
2607,85.35,162.141,127.316,124.029,Media
2608,85.382,161.467,127.347,123.741,Media
2609,85.414,158.783,126.711,123.306,Media
2610,85.45,158.631,127.222,123.232,Media
2611,85.482,159.894,127.818,124.17,Media
2612,85.514,162.826,127.786,124.522,Media
2613,85.546,162.011,127.057,124.049,Media
2614,85.578,159.121,126.636,123.392,Media
2615,85.614,158.512,127.049,123.358,Media
2616,85.646,157.765,126.408,122.791,Media
2617,85.678,157.49,126.433,122.767,Media
2618,85.71,158.539,126.668,122.686,Media
2619,85.742,158.676,126.075,122.635,Media
2620,85.774,157.765,125.318,122.43,Media
2621,85.81,158.952,126.107,122.835,Media
2622,85.842,162.153,125.741,123.527,Media
2623,85.874,162.176,124.939,122.972,Media
2624,85.906,160.652,125.152,122.809,Media
2625,85.938,161.695,125.99,123.384,Media
2626,85.974,162.449,126.517,123.978,Media
2627,86.006,162.307,126.139,123.401,Media
2628,86.038,162.083,125.366,123.203,Media
2629,86.07,161.006,125.059,122.54,Media
2630,86.102,158.175,111.712,121.127,Media
2631,86.138,159.134,113.323,121.829,Media
2632,86.17,160.495,114.583,122.135,Media
2633,86.202,160.62,114.942,121.775,Media
2634,86.234,160.421,114.8,121.384,Media
2635,86.266,160.696,115.505,121.347,Media
2636,86.298,162.054,116.693,121.878,Media
2637,86.334,162.598,117.448,122.069,Media
2638,86.366,162.596,117.736,121.689,Media
2639,86.398,160.495,118.771,122.443,Media
2640,86.43,161.965,119.442,122.672,Media
2641,86.462,162.056,119.178,121.918,Media
2642,86.498,158.965,119.545,122.313,Media
2643,86.53,160.003,119.888,122.791,Media
2644,86.562,160.507,120.752,122.929,Media
2645,86.594,157.479,120.396,122.793,Media
2646,86.626,157.408,119.833,122.791,Media
2647,86.662,157.668,120.072,122.528,Media
2648,86.694,156.751,121.33,123.221,Media
2649,86.726,159.368,122.358,123.947,Media
2650,86.758,161.349,122.652,123.875,Media
2651,86.79,156.451,122.428,123.157,Media
2652,86.822,152.859,121.3,121.651,Media
2653,86.858,154.625,122.062,122.081,Media
2654,86.89,157.376,124.478,124.023,Media
2655,86.922,164.183,125.206,125.127,Media
2656,86.954,163.156,125.895,124.525,Media
2657,86.986,158.816,124.448,124.609,Media
2658,87.022,162.16,124.919,124.762,Media
2659,87.054,166.125,125.077,125.573,Media
2660,87.086,168.267,127.048,126.678,Media
2661,87.118,171.735,127.22,127.109,Media
2662,87.15,172.844,128.231,127.13,Media
2663,87.186,170.63,127.786,127.094,Media
2664,87.218,177.836,128.298,127.944,Media
2665,87.25,192.04,130.877,130.225,Media
2666,87.282,192.658,132.996,131.726,Media
2667,87.314,192.324,132.456,131.115,Media
2668,87.346,188.249,131.198,129.883,Media
2669,87.382,175.109,129.94,128.866,Media
2670,87.414,168.359,128.551,127.27,Media
2671,87.446,164.569,127.581,126.485,Media
2672,87.478,162.896,127.302,125.86,Media
2673,87.51,159.769,126.383,125.351,Media
2674,87.546,154.722,125.474,123.87,Media
2675,87.578,158.838,125.942,124.985,Media
2676,87.61,160.456,126.212,125.05,Media
2677,87.642,150.171,124.727,123.217,Media
2678,87.674,139.115,121.759,120.533,Media
2679,87.71,137.442,121.377,119.722,Media
2680,87.742,136.826,121.486,119.456,Media
2681,87.774,143.331,120.625,119.928,Media
2682,87.806,144.687,121.427,120.393,Media
2683,87.838,145.153,121.684,121.286,Media
2684,87.87,149.619,121.624,120.86,Media
2685,87.906,148.887,122.206,120.927,Media
2686,87.938,148.638,122.584,121.342,Media
2687,87.97,152.029,121.624,121.107,Media
2688,88.002,150.617,121.166,121.435,Media
2689,88.034,150.606,122.034,121.838,Media
2690,88.07,153.872,121.549,121.514,Media
2691,88.102,152.169,120.613,121.349,Media
2692,88.134,150.195,120.303,120.043,Media
2693,88.166,149.594,120.365,120.517,Media
2694,88.198,150.697,121.645,121.266,Media
2695,88.234,151.828,122.18,121.663,Media
2696,88.266,149.684,121.712,121.405,Media
2697,88.298,145.696,119.723,120.691,Media
2698,88.33,141.262,118.301,119.199,Media
2699,88.362,143.414,116.655,118.381,Media
2700,88.394,144.288,117.855,118.681,Media
2701,88.43,146.548,118.715,119.697,Media
2702,88.462,145.413,118.345,118.959,Media
2703,88.494,145.689,118.519,118.992,Media
2704,88.526,141.95,117.291,117.757,Media
2705,88.558,144.315,118.659,118.28,Media
2706,88.594,147.216,118.673,118.901,Media
2707,88.626,147.995,117.765,118.197,Media
2708,88.658,142.308,118.388,117.88,Media
2709,88.69,143.189,118.89,117.734,Media
2710,88.722,144.367,119.755,118.019,Media
2711,88.758,140.212,120.225,118.684,Media
2712,88.79,138.386,119.169,117.937,Media
2713,88.822,137.013,117.75,117.541,Media
2714,88.854,134.26,116.762,116.565,Media
2715,88.886,131.303,116.122,115.185,Media
2716,88.918,131.278,115.822,114.966,Media
2717,88.954,133.674,116.899,115.455,Media
2718,88.986,137.498,117.555,116.317,Media
2719,89.018,138.993,116.854,116.266,Media
2720,89.05,134.855,115.09,114.418,Media
2721,89.082,129.665,114.877,112.597,Media
2722,89.118,125.789,114.022,111.448,Media
2723,89.15,121.445,115.203,111.942,Media
2724,89.182,120.708,115.092,111.767,Media
2725,89.214,121.506,115.934,112.125,Media
2726,89.246,122.111,115.694,111.845,Media
2727,89.282,122.296,115.341,111.641,Media
2728,89.314,122.321,115.346,111.715,Media
2729,89.346,123.763,116.307,112.228,Media
2730,89.378,125.739,117.615,113.014,Media
2731,89.41,129.742,119.476,113.917,Media
2732,89.442,121.622,117.339,112.459,Media
2733,89.478,136.375,125.95,119.231,Media
2734,89.51,119.651,116.655,110.279,Media
2735,89.542,113.621,118.492,111.394,Media
2736,89.574,114.326,118.569,111.174,Media
2737,89.606,114.331,118.913,110.443,Media
2738,89.642,109.79,118.72,111.514,Media
2739,89.674,106.676,116.864,109.897,Media
2740,89.706,103.957,116.098,108.869,Media
2741,89.738,99.851,116.528,109.454,Media
2742,89.77,99.912,116.828,109.115,Media
2743,89.806,101.148,116.784,109.416,Media
2744,89.838,99.726,116.183,108.699,Media
2745,89.87,101.982,116.845,108.921,Media
2746,89.902,100.633,116.277,108.455,Media
2747,89.934,100.469,116.555,108.672,Media
2748,89.966,100.253,116.562,108.361,Media
2749,90.002,100.189,116.602,108.37,Media
2750,90.034,101.672,116.489,108.185,Media
2751,90.066,102.704,116.385,108.875,Media
2752,90.098,101.466,116.297,108.372,Media
2753,90.13,98.935,115.898,107.696,Media
2754,90.166,101.54,117.315,108.792,Media
2755,90.198,101.856,116.561,109.094,Media
2756,90.23,102.198,116.403,108.599,Media
2757,90.262,100.145,115.812,107.895,Media
2758,90.294,98.958,115.712,107.308,Media
2759,90.33,99.806,116.241,107.885,Media
2760,90.362,101.826,117.396,108.83,Media
2761,90.394,101.014,116.398,108.638,Media
2762,90.426,101.798,116.238,108.208,Media
2763,90.458,102.233,116.454,108.451,Media
2764,90.49,100.907,117.026,107.627,Media
2765,90.526,101.532,116.667,108.505,Media
2766,90.558,102.134,116.848,108.349,Media
2767,90.59,103.058,116.737,108.978,Media
2768,90.622,104.562,116.798,108.497,Media
2769,90.654,102.053,116.273,107.603,Media
2770,90.69,101.797,116.688,107.659,Media
2771,90.722,102.479,117.053,107.63,Media
2772,90.754,104.897,117.581,108.367,Media
2773,90.786,110.411,118.419,109.43,Media
2774,90.818,108.954,116.711,109.883,Media
2775,90.854,106.169,115.692,108.972,Media
2776,90.886,104.866,116.741,107.691,Media
2777,90.918,97.773,118.224,108.849,Media
2778,90.95,100.704,118.268,109.395,Media
2779,90.982,103.11,118.005,108.73,Media
2780,91.014,112.388,119.672,111.349,Media
2781,91.05,124.398,122.751,114.464,Media
2782,91.082,128.425,121.257,113.736,Media
2783,91.114,146.787,125.059,119.732,Media
2784,91.146,164.432,126.884,123.035,Media
2785,91.178,174.429,127.796,124.756,Media
2786,91.214,163.91,127.063,123.9,Media
2787,91.246,159.945,126.231,122.355,Media
2788,91.278,155.968,125.596,120.897,Media
2789,91.31,143.036,124.767,119.278,Media
2790,91.342,145.454,125.171,119.569,Media
2791,91.378,145.831,124.758,119.151,Media
2792,91.41,131.054,124.985,116.076,Media
2793,91.442,120.487,124.391,113.748,Media
2794,91.474,113.899,124.384,112.241,Media
2795,91.506,100.702,124.853,109.708,Media
2796,91.538,92.671,123.371,107.835,Media
2797,91.574,85.745,123.311,106.213,Media
2798,91.606,103.724,124.541,113.608,Media
2799,91.638,83.015,122.746,105.518,Escura
2800,91.67,72.695,123.499,103.122,Escura
2801,91.702,71.999,123.973,102.696,Escura
2802,91.738,71.395,124.352,102.654,Escura
2803,91.77,70.901,124.255,103.011,Escura
2804,91.802,76.139,122.913,103.381,Escura
2805,91.834,76.93,122.676,103.672,Escura
2806,91.866,77.865,122.305,104.185,Escura
2807,91.902,80.751,121.525,104.511,Escura
2808,91.934,81.812,121.509,104.057,Escura
2809,91.966,83.06,120.979,104.744,Escura
2810,91.998,86.84,120.053,105.18,Escura
2811,92.03,87.003,119.995,105.182,Escura
2812,92.062,87.321,120.022,105.109,Escura
2813,92.098,87.114,119.761,105.523,Escura
2814,92.13,87.785,120.011,105.615,Escura
2815,92.162,87.938,120.129,105.41,Escura
2816,92.194,89.105,119.953,105.487,Escura
2817,92.226,88.258,120.358,104.973,Escura
2818,92.262,89.471,120.143,105.219,Escura
2819,92.294,90.742,119.737,105.519,Escura
2820,92.326,91.01,119.927,105.581,Escura
2821,92.358,91.698,119.939,105.834,Escura
2822,92.39,92.45,119.911,106.253,Escura
2823,92.426,92.413,119.538,106.755,Escura
2824,92.458,93.974,119.638,106.723,Escura
2825,92.49,99.244,118.335,107.47,Escura
2826,92.522,100.216,118.321,107.987,Escura
2827,92.554,100.662,118.275,108.344,Escura
2828,92.586,107.684,117.522,108.197,Escura
2829,92.622,108.651,117.376,108.861,Escura
2830,92.654,109.408,117.429,109.392,Escura
2831,92.686,113.651,117.102,110.153,Escura
2832,92.718,113.937,117.417,109.948,Escura
2833,92.75,115.058,117.097,110.707,Escura
2834,92.786,120.473,117.154,110.688,Escura
2835,92.818,120.956,117.167,111.281,Escura
2836,92.85,121.299,117.24,111.548,Escura
2837,92.882,121.379,117.562,111.634,Escura
2838,92.914,120.54,117.626,111.752,Escura
2839,92.95,119.95,117.798,111.598,Escura
2840,92.982,122.349,117.135,111.844,Escura
2841,93.014,122.283,117.496,111.771,Escura
2842,93.046,122.521,117.531,112.185,Escura
2843,93.078,123.543,117.752,112.103,Escura
2844,93.11,124.158,117.684,112.56,Escura
2845,93.146,123.535,117.906,112.541,Escura
2846,93.178,125.27,116.831,112.15,Escura
2847,93.21,125.301,117.089,111.978,Escura
2848,93.242,124.341,116.953,112.247,Escura
2849,93.274,124.208,117.438,112.192,Escura
2850,93.31,124.24,117.35,112.476,Escura
2851,93.342,124.112,117.456,112.725,Escura
2852,93.374,123.879,117.683,112.734,Escura
2853,93.406,124.515,117.628,113.148,Escura
2854,93.438,124.5,117.831,113.225,Escura
2855,93.474,124.71,117.794,113.725,Escura
2856,93.506,125.545,117.675,113.941,Escura
2857,93.538,125.35,118.149,113.754,Escura
2858,93.57,125.222,118.212,113.524,Escura
2859,93.602,124.919,118.009,113.523,Escura
2860,93.634,124.56,117.964,113.374,Escura
2861,93.67,125.25,118.25,113.806,Escura
2862,93.702,125.298,118.391,113.674,Escura
2863,93.734,125.017,118.363,113.663,Escura
2864,93.766,124.966,118.348,113.548,Escura
2865,93.798,124.718,118.617,113.317,Escura
2866,93.834,124.571,118.619,113.426,Escura
2867,93.866,124.582,118.052,113.698,Escura
2868,93.898,124.95,118.468,113.495,Escura
2869,93.93,125.976,118.471,113.667,Escura
2870,93.962,126.578,118.72,113.881,Escura
2871,93.998,126.707,118.66,113.937,Escura
2872,94.03,126.373,118.956,113.683,Escura
2873,94.062,126.385,118.838,113.801,Escura
2874,94.094,125.691,118.732,113.244,Escura
2875,94.126,126.105,118.564,113.369,Escura
2876,94.158,126.146,118.607,113.328,Escura
2877,94.194,126.705,118.758,113.396,Escura
2878,94.226,125.851,118.848,113.051,Escura
